scenario_id,wind_scenario,pv_scenario,production_ton,on_hours,selected_hours,selected_times,utilization_rate,total_cost_yuan,ton_cost_yuan_per_ton,grid_purchase_cost_yuan,wind_generation_cost_yuan,pv_generation_cost_yuan,alk_om_cost_yuan,pem_om_cost_yuan,ammonia_om_cost_yuan,ammonia_capex_daily_yuan,grid_export_revenue_yuan,renewable_local_consumption_ratio,pass_count,satisfaction_type,total_load_mwh,renewable_generation_mwh,grid_purchase_mwh,grid_export_mwh,renewable_self_used_mwh,renewable_self_use_ratio,green_power_ratio,renewable_export_ratio,renewable_self_use_pass,green_power_pass,renewable_export_pass
W1_PV1,风电场景1,光伏场景1,72.0,24,"0,1,2,3,4,5,6,7,8,9,10,11,12,13,14,15,16,17,18,19,20,21,22,23",0:00-1:00;1:00-2:00;2:00-3:00;3:00-4:00;4:00-5:00;5:00-6:00;6:00-7:00;7:00-8:00;8:00-9:00;9:00-10:00;10:00-11:00;11:00-12:00;12:00-13:00;13:00-14:00;14:00-15:00;15:00-16:00;16:00-17:00;17:00-18:00;18:00-19:00;19:00-20:00;20:00-21:00;21:00-22:00;22:00-23:00;23:00-24:00,1.0,391011.6537333333,5430.717412962962,219763.86000000002,37848.600000000006,61132.799999999996,48000.0,72000.0,72.0,3333.3333333333335,51138.9396,0.8223544299809389,3,全满足,1056.7199999999998,761.7639999999999,430.28,135.324,626.4399999999998,0.8223544299809389,0.5928155045802104,0.17764557001906106,True,True,True
W1_PV1,风电场景1,光伏场景1,63.0,21,"0,1,2,3,4,5,6,7,8,9,10,11,12,13,14,15,16,17,21,22,23",0:00-1:00;1:00-2:00;2:00-3:00;3:00-4:00;4:00-5:00;5:00-6:00;6:00-7:00;7:00-8:00;8:00-9:00;9:00-10:00;10:00-11:00;11:00-12:00;12:00-13:00;13:00-14:00;14:00-15:00;15:00-16:00;16:00-17:00;17:00-18:00;21:00-22:00;22:00-23:00;23:00-24:00,0.875,284953.06563333335,4523.0645338624345,136592.05088,37848.600000000006,61132.799999999996,42000.0,63000.0,63.0,3333.3333333333335,59016.71858,0.7949887366690995,2,部分满足,932.22,761.7639999999999,326.62620000000004,156.1702,605.5937999999999,0.7949887366690995,0.6496254103108706,0.20501126333090042,True,True,False
W1_PV1,风电场景1,光伏场景1,54.0,18,"0,1,2,3,4,5,6,7,8,9,10,11,12,13,14,15,16,23",0:00-1:00;1:00-2:00;2:00-3:00;3:00-4:00;4:00-5:00;5:00-6:00;6:00-7:00;7:00-8:00;8:00-9:00;9:00-10:00;10:00-11:00;11:00-12:00;12:00-13:00;13:00-14:00;14:00-15:00;15:00-16:00;16:00-17:00;23:00-24:00,0.75,201883.87263333332,3738.590233950617,80982.15127999999,37848.600000000006,61132.799999999996,36000.0,54000.0,54.0,3333.3333333333335,71467.01198000001,0.7517391213026607,2,部分满足,807.7199999999999,761.7639999999999,235.0722,189.1162,572.6478,0.7517391213026607,0.7089682068043381,0.24826087869733934,True,True,False
W1_PV1,风电场景1,光伏场景1,45.0,15,"0,1,2,3,4,5,6,7,8,9,10,12,13,14,23",0:00-1:00;1:00-2:00;2:00-3:00;3:00-4:00;4:00-5:00;5:00-6:00;6:00-7:00;7:00-8:00;8:00-9:00;9:00-10:00;10:00-11:00;12:00-13:00;13:00-14:00;14:00-15:00;23:00-24:00,0.625,139398.99363333333,3097.755414074074,79851.17248,37848.600000000006,61132.799999999996,30000.0,45000.0,45.0,3333.3333333333335,117811.91218000001,0.5907470030088059,1,部分满足,683.22,761.7639999999999,233.2102,311.75419999999997,450.0097999999999,0.5907470030088059,0.6586601680278679,0.40925299699119416,False,True,False
W1_PV1,风电场景1,光伏场景1,36.0,12,"0,1,2,3,4,5,6,7,8,9,13,23",0:00-1:00;1:00-2:00;2:00-3:00;3:00-4:00;4:00-5:00;5:00-6:00;6:00-7:00;7:00-8:00;8:00-9:00;9:00-10:00;13:00-14:00;23:00-24:00,0.5,77341.44363333331,2148.373434259259,79851.17248,37848.600000000006,61132.799999999996,24000.0,36000.0,36.0,3333.3333333333335,164860.46218000003,0.4273105581256137,1,部分满足,558.72,761.7639999999999,233.2102,436.25419999999997,325.5097999999999,0.4273105581256137,0.5825991552119127,0.5726894418743863,False,True,False
W1_PV2,风电场景1,光伏场景2,72.0,24,"0,1,2,3,4,5,6,7,8,9,10,11,12,13,14,15,16,17,18,19,20,21,22,23",0:00-1:00;1:00-2:00;2:00-3:00;3:00-4:00;4:00-5:00;5:00-6:00;6:00-7:00;7:00-8:00;8:00-9:00;9:00-10:00;10:00-11:00;11:00-12:00;12:00-13:00;13:00-14:00;14:00-15:00;15:00-16:00;16:00-17:00;17:00-18:00;18:00-19:00;19:00-20:00;20:00-21:00;21:00-22:00;22:00-23:00;23:00-24:00,1.0,489837.93063333334,6803.30459212963,301293.82788,37848.600000000006,30105.6,48000.0,72000.0,72.0,3333.3333333333335,2815.430580000001,0.9851944738118139,3,全满足,1056.7199999999998,503.204,560.9662000000001,7.450200000000002,495.7538,0.9851944738118139,0.4691439548792491,0.014805526188186108,True,True,True
W1_PV2,风电场景1,光伏场景2,63.0,21,"0,1,2,3,4,5,6,7,8,9,10,11,12,13,14,15,16,17,21,22,23",0:00-1:00;1:00-2:00;2:00-3:00;3:00-4:00;4:00-5:00;5:00-6:00;6:00-7:00;7:00-8:00;8:00-9:00;9:00-10:00;10:00-11:00;11:00-12:00;12:00-13:00;13:00-14:00;14:00-15:00;15:00-16:00;16:00-17:00;17:00-18:00;21:00-22:00;22:00-23:00;23:00-24:00,0.875,380247.5025333333,6035.674643386244,211446.05075999998,37848.600000000006,30105.6,42000.0,63000.0,63.0,3333.3333333333335,7549.081560000001,0.9603015874277628,3,全满足,932.22,503.204,448.9924,19.9764,483.2276,0.9603015874277628,0.5183621891828109,0.03969841257223711,True,True,True
W1_PV2,风电场景1,光伏场景2,54.0,18,"0,1,2,3,4,5,6,7,8,9,10,11,12,13,14,15,16,23",0:00-1:00;1:00-2:00;2:00-3:00;3:00-4:00;4:00-5:00;5:00-6:00;6:00-7:00;7:00-8:00;8:00-9:00;9:00-10:00;10:00-11:00;11:00-12:00;12:00-13:00;13:00-14:00;14:00-15:00;15:00-16:00;16:00-17:00;23:00-24:00,0.75,293800.06953333336,5440.742028395062,146895.22316,37848.600000000006,30105.6,36000.0,54000.0,54.0,3333.3333333333335,14436.68696,0.9240816845653055,3,全满足,807.7199999999999,503.204,342.7184,38.2024,465.0016,0.9240816845653055,0.5756965284999753,0.07591831543469447,True,True,True
W1_PV2,风电场景1,光伏场景2,45.0,15,"0,1,2,3,4,5,6,9,11,12,13,14,15,16,23",0:00-1:00;1:00-2:00;2:00-3:00;3:00-4:00;4:00-5:00;5:00-6:00;6:00-7:00;9:00-10:00;11:00-12:00;12:00-13:00;13:00-14:00;14:00-15:00;15:00-16:00;16:00-17:00;23:00-24:00,0.625,219845.21463333332,4885.449214074074,118219.08267999999,37848.600000000006,30105.6,30000.0,45000.0,45.0,3333.3333333333335,44706.40138,0.7649021072964444,2,部分满足,683.22,503.204,298.3182,118.3022,384.9018,0.7649021072964444,0.5633643628699394,0.2350978927035556,True,True,False
W1_PV2,风电场景1,光伏场景2,36.0,12,"0,1,2,3,4,5,6,11,12,13,15,23",0:00-1:00;1:00-2:00;2:00-3:00;3:00-4:00;4:00-5:00;5:00-6:00;6:00-7:00;11:00-12:00;12:00-13:00;13:00-14:00;15:00-16:00;23:00-24:00,0.5,148315.60263333333,4119.8778509259255,95212.15427999999,37848.600000000006,30105.6,24000.0,36000.0,36.0,3333.3333333333335,78220.08498,0.588663444646704,1,部分满足,558.72,503.204,262.5022,206.98620000000003,296.2178,0.588663444646704,0.5301721792668957,0.4113365553532961,False,True,False
W1_PV3,风电场景1,光伏场景3,72.0,24,"0,1,2,3,4,5,6,7,8,9,10,11,12,13,14,15,16,17,18,19,20,21,22,23",0:00-1:00;1:00-2:00;2:00-3:00;3:00-4:00;4:00-5:00;5:00-6:00;6:00-7:00;7:00-8:00;8:00-9:00;9:00-10:00;10:00-11:00;11:00-12:00;12:00-13:00;13:00-14:00;14:00-15:00;15:00-16:00;16:00-17:00;17:00-18:00;18:00-19:00;19:00-20:00;20:00-21:00;21:00-22:00;22:00-23:00;23:00-24:00,1.0,587809.1447333334,8164.015899074075,416340.8114,37848.600000000006,10214.4,48000.0,72000.0,72.0,3333.3333333333335,0.0,1.0,3,全满足,1056.7199999999998,337.44399999999996,719.2760000000001,0.0,337.44399999999996,1.0,0.31933151639033996,0.0,True,True,True
W1_PV3,风电场景1,光伏场景3,63.0,21,"0,1,2,3,4,5,6,7,8,9,10,11,12,13,14,15,16,17,21,22,23",0:00-1:00;1:00-2:00;2:00-3:00;3:00-4:00;4:00-5:00;5:00-6:00;6:00-7:00;7:00-8:00;8:00-9:00;9:00-10:00;10:00-11:00;11:00-12:00;12:00-13:00;13:00-14:00;14:00-15:00;15:00-16:00;16:00-17:00;17:00-18:00;21:00-22:00;22:00-23:00;23:00-24:00,0.875,477403.6766333333,7577.836137037037,324952.42628,37848.600000000006,10214.4,42000.0,63000.0,63.0,3333.3333333333335,4008.0829800000006,0.9685690070056069,3,全满足,932.22,337.44399999999996,605.3822,10.6062,326.83779999999996,0.9685690070056069,0.3506015747355774,0.03143099299439315,True,True,True
W1_PV3,风电场景1,光伏场景3,54.0,18,"0,1,2,3,4,5,6,7,8,9,12,13,15,16,17,21,22,23",0:00-1:00;1:00-2:00;2:00-3:00;3:00-4:00;4:00-5:00;5:00-6:00;6:00-7:00;7:00-8:00;8:00-9:00;9:00-10:00;12:00-13:00;13:00-14:00;15:00-16:00;16:00-17:00;17:00-18:00;21:00-22:00;22:00-23:00;23:00-24:00,0.75,381775.7327333333,7069.92097654321,261496.869,37848.600000000006,10214.4,36000.0,54000.0,54.0,3333.3333333333335,21171.4696,0.8339754151800002,3,全满足,807.72,337.44399999999996,526.3,56.024,281.41999999999996,0.8339754151800002,0.34841281632248794,0.1660245848199998,True,True,True
W1_PV3,风电场景1,光伏场景3,45.0,15,"0,1,2,3,4,5,6,7,8,9,13,15,16,17,23",0:00-1:00;1:00-2:00;2:00-3:00;3:00-4:00;4:00-5:00;5:00-6:00;6:00-7:00;7:00-8:00;8:00-9:00;9:00-10:00;13:00-14:00;15:00-16:00;16:00-17:00;17:00-18:00;23:00-24:00,0.625,292513.2527333333,6500.294505185185,196599.43720000001,37848.600000000006,10214.4,30000.0,45000.0,45.0,3333.3333333333335,30527.5178,0.7606062042887115,2,部分满足,683.22,337.44399999999996,426.558,80.78200000000001,256.6619999999999,0.7606062042887115,0.3756652322824272,0.23939379571128847,True,True,False
W1_PV3,风电场景1,光伏场景3,36.0,12,"0,1,2,3,4,5,6,7,8,9,15,23",0:00-1:00;1:00-2:00;2:00-3:00;3:00-4:00;4:00-5:00;5:00-6:00;6:00-7:00;7:00-8:00;8:00-9:00;9:00-10:00;15:00-16:00;23:00-24:00,0.5,208902.47753333332,5802.846598148148,144561.92596,37848.600000000006,10214.4,24000.0,36000.0,36.0,3333.3333333333335,47091.78176,0.6307108735079006,2,部分满足,558.72,337.44399999999996,345.8904,124.61439999999999,212.82959999999997,0.6307108735079006,0.3809235395189003,0.36928912649209944,True,True,False
W1_PV4,风电场景1,光伏场景4,72.0,24,"0,1,2,3,4,5,6,7,8,9,10,11,12,13,14,15,16,17,18,19,20,21,22,23",0:00-1:00;1:00-2:00;2:00-3:00;3:00-4:00;4:00-5:00;5:00-6:00;6:00-7:00;7:00-8:00;8:00-9:00;9:00-10:00;10:00-11:00;11:00-12:00;12:00-13:00;13:00-14:00;14:00-15:00;15:00-16:00;16:00-17:00;17:00-18:00;18:00-19:00;19:00-20:00;20:00-21:00;21:00-22:00;22:00-23:00;23:00-24:00,1.0,627301.8807333334,8712.526121296298,463590.3474,37848.600000000006,2457.6,48000.0,72000.0,72.0,3333.3333333333335,0.0,1.0,2,部分满足,1056.7199999999998,272.804,783.9159999999999,0.0,272.804,1.0,0.2581611022787494,0.0,True,False,True
W1_PV4,风电场景1,光伏场景4,63.0,21,"0,1,2,3,4,5,6,7,8,9,10,11,12,13,14,15,16,17,21,22,23",0:00-1:00;1:00-2:00;2:00-3:00;3:00-4:00;4:00-5:00;5:00-6:00;6:00-7:00;7:00-8:00;8:00-9:00;9:00-10:00;10:00-11:00;11:00-12:00;12:00-13:00;13:00-14:00;14:00-15:00;15:00-16:00;16:00-17:00;17:00-18:00;21:00-22:00;22:00-23:00;23:00-24:00,0.875,516353.0526333333,8196.0802005291,371174.89028,37848.600000000006,2457.6,42000.0,63000.0,63.0,3333.3333333333335,3524.37098,0.9658135511209514,2,部分满足,932.22,272.804,668.7422,9.3262,263.4778,0.9658135511209514,0.28263478578018064,0.034186448879048696,True,False,True
W1_PV4,风电场景1,光伏场景4,54.0,18,"0,1,2,3,4,5,6,7,8,9,12,13,15,16,17,21,22,23",0:00-1:00;1:00-2:00;2:00-3:00;3:00-4:00;4:00-5:00;5:00-6:00;6:00-7:00;7:00-8:00;8:00-9:00;9:00-10:00;12:00-13:00;13:00-14:00;15:00-16:00;16:00-17:00;17:00-18:00;21:00-22:00;22:00-23:00;23:00-24:00,0.75,410401.26873333333,7600.023495061729,288204.96499999997,37848.600000000006,2457.6,36000.0,54000.0,54.0,3333.3333333333335,11497.2296,0.8884767085526605,3,全满足,807.72,272.804,565.34,30.424,242.37999999999997,0.8884767085526605,0.3000792353785965,0.1115232914473395,True,True,True
W1_PV4,风电场景1,光伏场景4,45.0,15,"0,1,2,3,4,5,6,7,8,9,15,16,17,22,23",0:00-1:00;1:00-2:00;2:00-3:00;3:00-4:00;4:00-5:00;5:00-6:00;6:00-7:00;7:00-8:00;8:00-9:00;9:00-10:00;15:00-16:00;16:00-17:00;17:00-18:00;22:00-23:00;23:00-24:00,0.625,316762.90863333334,7039.1757474074075,221663.94568,37848.600000000006,2457.6,30000.0,45000.0,45.0,3333.3333333333335,23585.57038,0.7712196302107007,2,部分满足,683.22,272.804,472.82820000000004,62.4122,210.3918,0.7712196302107007,0.3079415122508123,0.2287803697892993,True,True,False
W1_PV4,风电场景1,光伏场景4,36.0,12,"0,1,2,3,4,5,6,7,8,9,15,23",0:00-1:00;1:00-2:00;2:00-3:00;3:00-4:00;4:00-5:00;5:00-6:00;6:00-7:00;7:00-8:00;8:00-9:00;9:00-10:00;15:00-16:00;23:00-24:00,0.5,229098.25353333334,6363.840375925926,153891.58996,37848.600000000006,2457.6,24000.0,36000.0,36.0,3333.3333333333335,28468.86976,0.7238515564287914,2,部分满足,558.72,272.804,361.2504,75.33439999999999,197.46959999999999,0.7238515564287914,0.35343213058419237,0.2761484435712086,True,True,False
W2_PV1,风电场景2,光伏场景1,72.0,24,"0,1,2,3,4,5,6,7,8,9,10,11,12,13,14,15,16,17,18,19,20,21,22,23",0:00-1:00;1:00-2:00;2:00-3:00;3:00-4:00;4:00-5:00;5:00-6:00;6:00-7:00;7:00-8:00;8:00-9:00;9:00-10:00;10:00-11:00;11:00-12:00;12:00-13:00;13:00-14:00;14:00-15:00;15:00-16:00;16:00-17:00;17:00-18:00;18:00-19:00;19:00-20:00;20:00-21:00;21:00-22:00;22:00-23:00;23:00-24:00,1.0,420232.97373333335,5836.569079629629,247139.6152,22419.6,61132.799999999996,48000.0,72000.0,72.0,3333.3333333333335,33864.37479999999,0.8639983973386108,3,全满足,1056.7199999999998,658.904,487.42799999999994,89.61199999999998,569.292,0.8639983973386108,0.5387349534408359,0.1360016026613892,True,True,True
W2_PV1,风电场景2,光伏场景1,63.0,21,"0,1,2,3,4,5,6,7,8,9,10,11,12,13,14,15,16,17,21,22,23",0:00-1:00;1:00-2:00;2:00-3:00;3:00-4:00;4:00-5:00;5:00-6:00;6:00-7:00;7:00-8:00;8:00-9:00;9:00-10:00;10:00-11:00;11:00-12:00;12:00-13:00;13:00-14:00;14:00-15:00;15:00-16:00;16:00-17:00;17:00-18:00;21:00-22:00;22:00-23:00;23:00-24:00,0.875,312890.69763333333,4966.51901005291,161541.34848,22419.6,61132.799999999996,42000.0,63000.0,63.0,3333.3333333333335,40599.384179999994,0.8369501475176961,3,全满足,932.22,658.904,380.75019999999995,107.43419999999998,551.4698000000001,0.8369501475176961,0.5915661539121667,0.16304985248230391,True,True,True
W2_PV1,风电场景2,光伏场景1,54.0,18,"0,1,2,3,4,5,6,7,8,9,10,11,12,13,14,15,16,23",0:00-1:00;1:00-2:00;2:00-3:00;3:00-4:00;4:00-5:00;5:00-6:00;6:00-7:00;7:00-8:00;8:00-9:00;9:00-10:00;10:00-11:00;11:00-12:00;12:00-13:00;13:00-14:00;14:00-15:00;15:00-16:00;16:00-17:00;23:00-24:00,0.75,228767.22753333332,4236.430139506173,103141.17476,22419.6,61132.799999999996,36000.0,54000.0,54.0,3333.3333333333335,51313.68055999999,0.7939208139577238,2,部分满足,807.7199999999999,658.904,284.6024,135.7864,523.1176,0.7939208139577238,0.647647204476799,0.20607918604227624,True,True,False
W2_PV1,风电场景2,光伏场景1,45.0,15,"0,1,2,3,4,5,6,9,10,11,12,13,14,15,23",0:00-1:00;1:00-2:00;2:00-3:00;3:00-4:00;4:00-5:00;5:00-6:00;6:00-7:00;9:00-10:00;10:00-11:00;11:00-12:00;12:00-13:00;13:00-14:00;14:00-15:00;15:00-16:00;23:00-24:00,0.625,161810.77053333333,3595.7949007407406,90175.61435999999,22419.6,61132.799999999996,30000.0,45000.0,45.0,3333.3333333333335,90295.57715999999,0.6373669001857631,2,部分满足,683.22,658.904,263.2564,238.94039999999998,419.96360000000004,0.6373669001857631,0.61468282544422,0.36263309981423697,True,True,False
W2_PV1,风电场景2,光伏场景1,36.0,12,"0,1,2,3,4,5,6,9,10,13,15,23",0:00-1:00;1:00-2:00;2:00-3:00;3:00-4:00;4:00-5:00;5:00-6:00;6:00-7:00;9:00-10:00;10:00-11:00;13:00-14:00;15:00-16:00;23:00-24:00,0.5,99753.22053333333,2770.9227925925925,90175.61435999999,22419.6,61132.799999999996,24000.0,36000.0,36.0,3333.3333333333335,137344.12716,0.4484167648094412,1,部分满足,558.72,658.904,263.2564,363.44039999999995,295.46360000000004,0.4484167648094412,0.5288223081328752,0.5515832351905589,False,True,False
W2_PV2,风电场景2,光伏场景2,72.0,24,"0,1,2,3,4,5,6,7,8,9,10,11,12,13,14,15,16,17,18,19,20,21,22,23",0:00-1:00;1:00-2:00;2:00-3:00;3:00-4:00;4:00-5:00;5:00-6:00;6:00-7:00;7:00-8:00;8:00-9:00;9:00-10:00;10:00-11:00;11:00-12:00;12:00-13:00;13:00-14:00;14:00-15:00;15:00-16:00;16:00-17:00;17:00-18:00;18:00-19:00;19:00-20:00;20:00-21:00;21:00-22:00;22:00-23:00;23:00-24:00,1.0,530380.3647333334,7366.39395462963,354449.8314,22419.6,30105.6,48000.0,72000.0,72.0,3333.3333333333335,0.0,1.0,3,全满足,1056.7199999999998,400.34400000000005,656.376,0.0,400.34400000000005,1.0,0.37885532591414955,0.0,True,True,True
W2_PV2,风电场景2,光伏场景2,63.0,21,"0,1,2,3,4,5,6,7,8,9,10,11,12,13,14,15,16,17,21,22,23",0:00-1:00;1:00-2:00;2:00-3:00;3:00-4:00;4:00-5:00;5:00-6:00;6:00-7:00;7:00-8:00;8:00-9:00;9:00-10:00;10:00-11:00;11:00-12:00;12:00-13:00;13:00-14:00;14:00-15:00;15:00-16:00;16:00-17:00;17:00-18:00;21:00-22:00;22:00-23:00;23:00-24:00,0.875,419506.2486333333,6658.829343386243,262175.59668,22419.6,30105.6,42000.0,63000.0,63.0,3333.3333333333335,3590.8813800000007,0.976264912175529,3,全满足,932.22,400.34400000000005,541.3782,9.5022,390.84180000000003,0.976264912175529,0.419259187745382,0.023735087824470952,True,True,True
W2_PV2,风电场景2,光伏场景2,54.0,18,"0,1,2,3,4,5,6,8,9,10,11,12,13,14,15,16,17,23",0:00-1:00;1:00-2:00;2:00-3:00;3:00-4:00;4:00-5:00;5:00-6:00;6:00-7:00;8:00-9:00;9:00-10:00;10:00-11:00;11:00-12:00;12:00-13:00;13:00-14:00;14:00-15:00;15:00-16:00;16:00-17:00;17:00-18:00;23:00-24:00,0.75,330719.7057333333,6124.438995061728,191434.0268,22419.6,30105.6,36000.0,54000.0,54.0,3333.3333333333335,6626.854400000002,0.9561976700037967,3,全满足,807.72,400.34400000000005,424.91200000000003,17.536,382.80800000000005,0.9561976700037967,0.47393651265289954,0.04380232999620326,True,True,True
W2_PV2,风电场景2,光伏场景2,45.0,15,"0,1,2,3,4,5,6,9,11,12,13,14,15,16,23",0:00-1:00;1:00-2:00;2:00-3:00;3:00-4:00;4:00-5:00;5:00-6:00;6:00-7:00;9:00-10:00;11:00-12:00;12:00-13:00;13:00-14:00;14:00-15:00;15:00-16:00;16:00-17:00;23:00-24:00,0.625,248774.0616333333,5528.31248074074,143718.20807999998,22419.6,30105.6,30000.0,45000.0,45.0,3333.3333333333335,25847.67978,0.8291514297703976,3,全满足,683.22,400.34400000000005,351.27419999999995,68.3982,331.9458000000001,0.8291514297703976,0.4858549222797928,0.17084857022960254,True,True,True
W2_PV2,风电场景2,光伏场景2,36.0,12,"0,1,2,3,4,5,6,12,13,14,15,23",0:00-1:00;1:00-2:00;2:00-3:00;3:00-4:00;4:00-5:00;5:00-6:00;6:00-7:00;12:00-13:00;13:00-14:00;14:00-15:00;15:00-16:00;23:00-24:00,0.5,172693.00263333332,4797.027850925926,109733.26527999999,22419.6,30105.6,24000.0,36000.0,36.0,3333.3333333333335,52934.79598000001,0.6501104050516557,2,部分满足,558.72,400.34400000000005,298.45219999999995,140.0762,260.2678000000001,0.6501104050516557,0.46582867983963355,0.3498895949483444,True,True,False
W2_PV3,风电场景2,光伏场景3,72.0,24,"0,1,2,3,4,5,6,7,8,9,10,11,12,13,14,15,16,17,18,19,20,21,22,23",0:00-1:00;1:00-2:00;2:00-3:00;3:00-4:00;4:00-5:00;5:00-6:00;6:00-7:00;7:00-8:00;8:00-9:00;9:00-10:00;10:00-11:00;11:00-12:00;12:00-13:00;13:00-14:00;14:00-15:00;15:00-16:00;16:00-17:00;17:00-18:00;18:00-19:00;19:00-20:00;20:00-21:00;21:00-22:00;22:00-23:00;23:00-24:00,1.0,631514.1887333334,8771.030399074074,475474.8554,22419.6,10214.4,48000.0,72000.0,72.0,3333.3333333333335,0.0,1.0,2,部分满足,1056.7199999999998,234.584,822.136,0.0,234.584,1.0,0.22199258081611029,0.0,True,False,True
W2_PV3,风电场景2,光伏场景3,63.0,21,"0,1,2,3,4,5,6,7,8,9,10,11,12,13,14,15,16,17,21,22,23",0:00-1:00;1:00-2:00;2:00-3:00;3:00-4:00;4:00-5:00;5:00-6:00;6:00-7:00;7:00-8:00;8:00-9:00;9:00-10:00;10:00-11:00;11:00-12:00;12:00-13:00;13:00-14:00;14:00-15:00;15:00-16:00;16:00-17:00;17:00-18:00;21:00-22:00;22:00-23:00;23:00-24:00,0.875,519825.0326333333,8251.190994179893,381660.01268,22419.6,10214.4,42000.0,63000.0,63.0,3333.3333333333335,2865.3133800000005,0.9676781025133854,2,部分满足,932.22,234.584,705.2182,7.5822,227.0018,0.9676781025133854,0.24350668297183067,0.032321897486614605,True,False,True
W2_PV3,风电场景2,光伏场景3,54.0,18,"0,1,2,3,4,5,6,7,8,9,13,14,15,16,17,21,22,23",0:00-1:00;1:00-2:00;2:00-3:00;3:00-4:00;4:00-5:00;5:00-6:00;6:00-7:00;7:00-8:00;8:00-9:00;9:00-10:00;13:00-14:00;14:00-15:00;15:00-16:00;16:00-17:00;17:00-18:00;21:00-22:00;22:00-23:00;23:00-24:00,0.75,420112.63463333336,7779.863604320988,310483.92308,22419.6,10214.4,36000.0,54000.0,54.0,3333.3333333333335,16392.62178,0.8150845752480987,2,部分满足,807.72,234.584,616.5142000000001,43.3782,191.2058,0.8150845752480987,0.23672287426335858,0.18491542475190123,True,False,True
W2_PV3,风电场景2,光伏场景3,45.0,15,"0,1,2,3,4,5,6,7,8,9,15,16,17,22,23",0:00-1:00;1:00-2:00;2:00-3:00;3:00-4:00;4:00-5:00;5:00-6:00;6:00-7:00;7:00-8:00;8:00-9:00;9:00-10:00;15:00-16:00;16:00-17:00;17:00-18:00;22:00-23:00;23:00-24:00,0.625,327913.8035333333,7286.973411851851,246306.02036,22419.6,10214.4,30000.0,45000.0,45.0,3333.3333333333335,29404.550160000003,0.6683047437165365,1,部分满足,683.22,234.584,526.4464,77.8104,156.7736,0.6683047437165365,0.22946283773894205,0.33169525628346347,True,False,False
W2_PV3,风电场景2,光伏场景3,36.0,12,"0,1,2,3,4,5,6,9,15,16,17,23",0:00-1:00;1:00-2:00;2:00-3:00;3:00-4:00;4:00-5:00;5:00-6:00;6:00-7:00;9:00-10:00;15:00-16:00;16:00-17:00;17:00-18:00;23:00-24:00,0.5,239590.43753333334,6655.289931481482,176790.30516,22419.6,10214.4,24000.0,36000.0,36.0,3333.3333333333335,33203.20096,0.6254544214439177,1,部分满足,558.72,234.584,411.9984,87.86240000000001,146.7216,0.6254544214439177,0.26260309278350513,0.3745455785560823,True,False,False
W2_PV4,风电场景2,光伏场景4,72.0,24,"0,1,2,3,4,5,6,7,8,9,10,11,12,13,14,15,16,17,18,19,20,21,22,23",0:00-1:00;1:00-2:00;2:00-3:00;3:00-4:00;4:00-5:00;5:00-6:00;6:00-7:00;7:00-8:00;8:00-9:00;9:00-10:00;10:00-11:00;11:00-12:00;12:00-13:00;13:00-14:00;14:00-15:00;15:00-16:00;16:00-17:00;17:00-18:00;18:00-19:00;19:00-20:00;20:00-21:00;21:00-22:00;22:00-23:00;23:00-24:00,1.0,671006.9247333334,9319.540621296297,522724.39139999996,22419.6,2457.6,48000.0,72000.0,72.0,3333.3333333333335,0.0,1.0,2,部分满足,1056.7199999999998,169.94400000000002,886.7760000000001,0.0,169.94400000000002,1.0,0.16082216670451968,0.0,True,False,True
W2_PV4,风电场景2,光伏场景4,63.0,21,"0,1,2,3,4,5,6,7,8,9,12,13,14,15,16,17,18,19,21,22,23",0:00-1:00;1:00-2:00;2:00-3:00;3:00-4:00;4:00-5:00;5:00-6:00;6:00-7:00;7:00-8:00;8:00-9:00;9:00-10:00;12:00-13:00;13:00-14:00;14:00-15:00;15:00-16:00;16:00-17:00;17:00-18:00;18:00-19:00;19:00-20:00;21:00-22:00;22:00-23:00;23:00-24:00,0.875,557523.6618333334,8849.581933862435,425518.28532,22419.6,2457.6,42000.0,63000.0,63.0,3333.3333333333335,1268.15682,0.9802534952690298,2,部分满足,932.22,169.94400000000002,765.6318,3.3558,166.58820000000003,0.9802534952690298,0.17870052133616532,0.0197465047309702,True,False,True
W2_PV4,风电场景2,光伏场景4,54.0,18,"0,1,2,3,4,5,6,7,8,9,13,14,15,16,17,21,22,23",0:00-1:00;1:00-2:00;2:00-3:00;3:00-4:00;4:00-5:00;5:00-6:00;6:00-7:00;7:00-8:00;8:00-9:00;9:00-10:00;13:00-14:00;14:00-15:00;15:00-16:00;16:00-17:00;17:00-18:00;21:00-22:00;22:00-23:00;23:00-24:00,0.75,447651.45063333336,8289.841678395062,335137.87508,22419.6,2457.6,36000.0,54000.0,54.0,3333.3333333333335,5750.957780000001,0.9104516781998776,2,部分满足,807.72,169.94400000000002,652.9942,15.2182,154.72580000000002,0.9104516781998776,0.1915587084633289,0.08954832180012239,True,False,True
W2_PV4,风电场景2,光伏场景4,45.0,15,"0,1,2,3,4,5,6,7,8,9,15,16,17,22,23",0:00-1:00;1:00-2:00;2:00-3:00;3:00-4:00;4:00-5:00;5:00-6:00;6:00-7:00;7:00-8:00;8:00-9:00;9:00-10:00;15:00-16:00;16:00-17:00;17:00-18:00;22:00-23:00;23:00-24:00,0.625,350019.0195333333,7778.200434074073,260689.25235999998,22419.6,2457.6,30000.0,45000.0,45.0,3333.3333333333335,13925.766160000001,0.7831615120274914,1,部分满足,683.22,169.94400000000002,550.1264,36.8504,133.0936,0.7831615120274914,0.19480343081291532,0.21683848797250857,True,False,False
W2_PV4,风电场景2,光伏场景4,36.0,12,"0,1,2,3,4,5,6,7,15,16,17,23",0:00-1:00;1:00-2:00;2:00-3:00;3:00-4:00;4:00-5:00;5:00-6:00;6:00-7:00;7:00-8:00;15:00-16:00;16:00-17:00;17:00-18:00;23:00-24:00,0.5,259839.04443333333,7217.751234259259,186259.79264,22419.6,2457.6,24000.0,36000.0,36.0,3333.3333333333335,14667.28154,0.7716153556465659,1,部分满足,558.72,169.94400000000002,427.5886,38.8126,131.1314,0.7716153556465659,0.23469967067583047,0.22838464435343406,True,False,False
W3_PV1,风电场景3,光伏场景1,72.0,24,"0,1,2,3,4,5,6,7,8,9,10,11,12,13,14,15,16,17,18,19,20,21,22,23",0:00-1:00;1:00-2:00;2:00-3:00;3:00-4:00;4:00-5:00;5:00-6:00;6:00-7:00;7:00-8:00;8:00-9:00;9:00-10:00;10:00-11:00;11:00-12:00;12:00-13:00;13:00-14:00;14:00-15:00;15:00-16:00;16:00-17:00;17:00-18:00;18:00-19:00;19:00-20:00;20:00-21:00;21:00-22:00;22:00-23:00;23:00-24:00,1.0,380373.69523333333,5282.967989351851,202880.10468,40710.0,61132.799999999996,48000.0,72000.0,72.0,3333.3333333333335,47754.542779999996,0.8381637723477281,3,全满足,1056.7199999999998,780.8399999999999,402.2482,126.36819999999999,654.4717999999999,0.8381637723477281,0.6193426830191536,0.1618362276522719,True,True,True
W3_PV1,风电场景3,光伏场景1,63.0,21,"0,1,2,3,4,5,6,7,8,9,10,11,12,13,14,15,16,17,21,22,23",0:00-1:00;1:00-2:00;2:00-3:00;3:00-4:00;4:00-5:00;5:00-6:00;6:00-7:00;7:00-8:00;8:00-9:00;9:00-10:00;10:00-11:00;11:00-12:00;12:00-13:00;13:00-14:00;14:00-15:00;15:00-16:00;16:00-17:00;17:00-18:00;21:00-22:00;22:00-23:00;23:00-24:00,0.875,279706.2571333333,4439.781859259258,129898.77556000001,40710.0,61132.799999999996,42000.0,63000.0,63.0,3333.3333333333335,60431.65175999999,0.7952020900568618,2,部分满足,932.22,780.8399999999999,311.2944,159.9144,620.9255999999999,0.7952020900568618,0.6660719572633068,0.20479790994313818,True,True,False
W3_PV1,风电场景3,光伏场景1,54.0,18,"0,1,2,3,4,5,6,7,8,9,10,11,12,13,14,15,16,23",0:00-1:00;1:00-2:00;2:00-3:00;3:00-4:00;4:00-5:00;5:00-6:00;6:00-7:00;7:00-8:00;8:00-9:00;9:00-10:00;10:00-11:00;11:00-12:00;12:00-13:00;13:00-14:00;14:00-15:00;15:00-16:00;16:00-17:00;23:00-24:00,0.75,198954.09613333334,3684.3351135802473,80421.18635999999,40710.0,61132.799999999996,36000.0,54000.0,54.0,3333.3333333333335,76697.22356,0.7400794016699963,2,部分满足,807.7199999999999,780.8399999999999,229.8364,202.9564,577.8835999999999,0.7400794016699963,0.7154504036052096,0.25992059833000364,True,True,False
W3_PV1,风电场景3,光伏场景1,45.0,15,"0,1,2,3,4,5,6,8,9,10,12,13,14,15,23",0:00-1:00;1:00-2:00;2:00-3:00;3:00-4:00;4:00-5:00;5:00-6:00;6:00-7:00;8:00-9:00;9:00-10:00;10:00-11:00;12:00-13:00;13:00-14:00;14:00-15:00;15:00-16:00;23:00-24:00,0.625,135402.45523333334,3008.94344962963,76466.89087999999,40710.0,61132.799999999996,30000.0,45000.0,45.0,3333.3333333333335,121285.56898,0.5889731571128528,1,部分满足,683.22,780.8399999999999,223.3262,320.9462,459.89379999999994,0.5889731571128528,0.6731269576417551,0.4110268428871472,False,True,False
W3_PV1,风电场景3,光伏场景1,36.0,12,"0,1,2,3,4,5,6,10,13,14,15,23",0:00-1:00;1:00-2:00;2:00-3:00;3:00-4:00;4:00-5:00;5:00-6:00;6:00-7:00;10:00-11:00;13:00-14:00;14:00-15:00;15:00-16:00;23:00-24:00,0.5,73344.90523333331,2037.358478703703,76466.89087999999,40710.0,61132.799999999996,24000.0,36000.0,36.0,3333.3333333333335,168334.11898000003,0.42952948107166633,1,部分满足,558.72,780.8399999999999,223.3262,445.44620000000003,335.3937999999999,0.42952948107166633,0.6002895904925541,0.5704705189283337,False,True,False
W3_PV2,风电场景3,光伏场景2,72.0,24,"0,1,2,3,4,5,6,7,8,9,10,11,12,13,14,15,16,17,18,19,20,21,22,23",0:00-1:00;1:00-2:00;2:00-3:00;3:00-4:00;4:00-5:00;5:00-6:00;6:00-7:00;7:00-8:00;8:00-9:00;9:00-10:00;10:00-11:00;11:00-12:00;12:00-13:00;13:00-14:00;14:00-15:00;15:00-16:00;16:00-17:00;17:00-18:00;18:00-19:00;19:00-20:00;20:00-21:00;21:00-22:00;22:00-23:00;23:00-24:00,1.0,479869.57513333333,6664.855210185186,287056.84835999995,40710.0,30105.6,48000.0,72000.0,72.0,3333.3333333333335,1408.2065600000021,0.9928651298154246,3,全满足,1056.7199999999998,522.28,538.1664,3.7264000000000053,518.5536,0.9928651298154246,0.4907199636611402,0.007134870184575334,True,True,True
W3_PV2,风电场景3,光伏场景2,63.0,21,"0,1,2,3,4,5,6,7,8,9,10,11,12,13,14,15,16,17,21,22,23",0:00-1:00;1:00-2:00;2:00-3:00;3:00-4:00;4:00-5:00;5:00-6:00;6:00-7:00;7:00-8:00;8:00-9:00;9:00-10:00;10:00-11:00;11:00-12:00;12:00-13:00;13:00-14:00;14:00-15:00;15:00-16:00;16:00-17:00;17:00-18:00;21:00-22:00;22:00-23:00;23:00-24:00,0.875,375670.2970333333,5963.020587830687,207399.55123999997,40710.0,30105.6,42000.0,63000.0,63.0,3333.3333333333335,10941.187540000003,0.9445649842996093,3,全满足,932.22,522.28,438.8926,28.95260000000001,493.32739999999995,0.9445649842996093,0.5291963270472635,0.05543501570039062,True,True,True
W3_PV2,风电场景3,光伏场景2,54.0,18,"0,1,2,3,4,5,6,8,9,10,11,12,13,14,15,16,17,23",0:00-1:00;1:00-2:00;2:00-3:00;3:00-4:00;4:00-5:00;5:00-6:00;6:00-7:00;8:00-9:00;9:00-10:00;10:00-11:00;11:00-12:00;12:00-13:00;13:00-14:00;14:00-15:00;15:00-16:00;16:00-17:00;17:00-18:00;23:00-24:00,0.75,290112.7732333333,5372.458763580246,145203.97788,40710.0,30105.6,36000.0,54000.0,54.0,3333.3333333333335,19294.137980000003,0.902243624109673,3,全满足,807.72,522.28,336.4962,51.05620000000001,471.2238,0.902243624109673,0.583399940573466,0.09775637589032705,True,True,True
W3_PV2,风电场景3,光伏场景2,45.0,15,"0,1,2,3,4,5,6,9,11,12,13,14,15,16,23",0:00-1:00;1:00-2:00;2:00-3:00;3:00-4:00;4:00-5:00;5:00-6:00;6:00-7:00;9:00-10:00;11:00-12:00;12:00-13:00;13:00-14:00;14:00-15:00;15:00-16:00;16:00-17:00;23:00-24:00,0.625,212325.3631333333,4718.341402962962,107379.89196,40710.0,30105.6,30000.0,45000.0,45.0,3333.3333333333335,44248.46216,0.7758091445201807,2,部分满足,683.22,522.28,278.0304,117.09040000000002,405.1895999999999,0.7758091445201807,0.5930587512075172,0.2241908554798193,True,True,False
W3_PV2,风电场景3,光伏场景2,36.0,12,"0,1,2,3,4,5,6,12,13,14,15,23",0:00-1:00;1:00-2:00;2:00-3:00;3:00-4:00;4:00-5:00;5:00-6:00;6:00-7:00;12:00-13:00;13:00-14:00;14:00-15:00;15:00-16:00;23:00-24:00,0.5,141786.07813333333,3938.50217037037,86453.90995999999,40710.0,30105.6,24000.0,36000.0,36.0,3333.3333333333335,78852.76516000001,0.6004817339358198,2,部分满足,558.72,522.28,245.10039999999998,208.6604,313.6196,0.6004817339358198,0.5613180126002291,0.39951826606418017,True,True,False
W3_PV3,风电场景3,光伏场景3,72.0,24,"0,1,2,3,4,5,6,7,8,9,10,11,12,13,14,15,16,17,18,19,20,21,22,23",0:00-1:00;1:00-2:00;2:00-3:00;3:00-4:00;4:00-5:00;5:00-6:00;6:00-7:00;7:00-8:00;8:00-9:00;9:00-10:00;10:00-11:00;11:00-12:00;12:00-13:00;13:00-14:00;14:00-15:00;15:00-16:00;16:00-17:00;17:00-18:00;18:00-19:00;19:00-20:00;20:00-21:00;21:00-22:00;22:00-23:00;23:00-24:00,1.0,579421.5423333334,8047.521421296297,405091.809,40710.0,10214.4,48000.0,72000.0,72.0,3333.3333333333335,0.0,1.0,3,全满足,1056.7199999999998,356.52000000000004,700.1999999999999,0.0,356.52000000000004,1.0,0.33738360208948454,0.0,True,True,True
W3_PV3,风电场景3,光伏场景3,63.0,21,"0,1,2,3,4,5,6,7,8,9,10,11,12,13,14,15,16,17,21,22,23",0:00-1:00;1:00-2:00;2:00-3:00;3:00-4:00;4:00-5:00;5:00-6:00;6:00-7:00;7:00-8:00;8:00-9:00;9:00-10:00;10:00-11:00;11:00-12:00;12:00-13:00;13:00-14:00;14:00-15:00;15:00-16:00;16:00-17:00;17:00-18:00;21:00-22:00;22:00-23:00;23:00-24:00,0.875,474407.2242333333,7530.2734005291,323893.90388,40710.0,10214.4,42000.0,63000.0,63.0,3333.3333333333335,8807.412980000001,0.9346286323347919,3,全满足,932.22,356.52000000000004,599.0062,23.306200000000004,333.21380000000005,0.9346286323347919,0.3574411619574779,0.06537136766520812,True,True,True
W3_PV3,风电场景3,光伏场景3,54.0,18,"0,1,2,3,4,5,6,7,8,9,12,13,15,16,17,21,22,23",0:00-1:00;1:00-2:00;2:00-3:00;3:00-4:00;4:00-5:00;5:00-6:00;6:00-7:00;7:00-8:00;8:00-9:00;9:00-10:00;12:00-13:00;13:00-14:00;15:00-16:00;16:00-17:00;17:00-18:00;21:00-22:00;22:00-23:00;23:00-24:00,0.75,379781.1003333333,7032.983339506172,262332.01060000004,40710.0,10214.4,36000.0,54000.0,54.0,3333.3333333333335,26862.643600000003,0.8006170761808594,3,全满足,807.72,356.52000000000004,522.284,71.084,285.43600000000004,0.8006170761808594,0.35338483632942114,0.19938292381914058,True,True,True
W3_PV3,风电场景3,光伏场景3,45.0,15,"0,1,2,3,4,5,6,7,8,9,13,15,16,17,23",0:00-1:00;1:00-2:00;2:00-3:00;3:00-4:00;4:00-5:00;5:00-6:00;6:00-7:00;7:00-8:00;8:00-9:00;9:00-10:00;13:00-14:00;15:00-16:00;16:00-17:00;17:00-18:00;23:00-24:00,0.625,291660.4863333333,6481.34414074074,200310.25,40710.0,10214.4,30000.0,45000.0,45.0,3333.3333333333335,37952.497,0.7183047234376753,2,部分满足,683.22,356.52000000000004,427.13,100.43,256.09000000000003,0.7183047234376753,0.3748280202570183,0.2816952765623247,True,True,False
W3_PV3,风电场景3,光伏场景3,36.0,12,"0,1,2,3,4,5,6,9,15,16,17,23",0:00-1:00;1:00-2:00;2:00-3:00;3:00-4:00;4:00-5:00;5:00-6:00;6:00-7:00;9:00-10:00;15:00-16:00;16:00-17:00;17:00-18:00;23:00-24:00,0.5,207037.94823333333,5751.054117592593,146820.26888,40710.0,10214.4,24000.0,36000.0,36.0,3333.3333333333335,54076.05398,0.5986306518568384,1,部分满足,558.72,356.52000000000004,345.2962,143.0962,213.42380000000003,0.5986306518568384,0.3819870418098511,0.40136934814316166,False,True,False
W3_PV4,风电场景3,光伏场景4,72.0,24,"0,1,2,3,4,5,6,7,8,9,10,11,12,13,14,15,16,17,18,19,20,21,22,23",0:00-1:00;1:00-2:00;2:00-3:00;3:00-4:00;4:00-5:00;5:00-6:00;6:00-7:00;7:00-8:00;8:00-9:00;9:00-10:00;10:00-11:00;11:00-12:00;12:00-13:00;13:00-14:00;14:00-15:00;15:00-16:00;16:00-17:00;17:00-18:00;18:00-19:00;19:00-20:00;20:00-21:00;21:00-22:00;22:00-23:00;23:00-24:00,1.0,618914.2783333334,8596.03164351852,452341.345,40710.0,2457.6,48000.0,72000.0,72.0,3333.3333333333335,0.0,1.0,2,部分满足,1056.7199999999998,291.88,764.8399999999999,0.0,291.88,1.0,0.2762131879778939,0.0,True,False,True
W3_PV4,风电场景3,光伏场景4,63.0,21,"0,1,2,3,4,5,6,7,8,9,12,13,14,15,16,17,18,19,21,22,23",0:00-1:00;1:00-2:00;2:00-3:00;3:00-4:00;4:00-5:00;5:00-6:00;6:00-7:00;7:00-8:00;8:00-9:00;9:00-10:00;12:00-13:00;13:00-14:00;14:00-15:00;15:00-16:00;16:00-17:00;17:00-18:00;18:00-19:00;19:00-20:00;21:00-22:00;22:00-23:00;23:00-24:00,0.875,511109.1274333334,8112.843292592594,365868.14131999994,40710.0,2457.6,42000.0,63000.0,63.0,3333.3333333333335,6322.947220000001,0.9426757571604768,2,部分满足,932.22,291.88,657.0717999999999,16.7318,275.1482,0.9426757571604768,0.2951537190791873,0.057324242839523094,True,False,True
W3_PV4,风电场景3,光伏场景4,54.0,18,"0,1,2,3,4,5,6,7,8,9,13,14,15,16,17,21,22,23",0:00-1:00;1:00-2:00;2:00-3:00;3:00-4:00;4:00-5:00;5:00-6:00;6:00-7:00;7:00-8:00;8:00-9:00;9:00-10:00;13:00-14:00;14:00-15:00;15:00-16:00;16:00-17:00;17:00-18:00;21:00-22:00;22:00-23:00;23:00-24:00,0.75,407887.98223333334,7553.481152469136,288059.73428,40710.0,2457.6,36000.0,54000.0,54.0,3333.3333333333335,16726.685380000003,0.84835480334384,3,全满足,807.72,291.88,560.1022,44.26220000000001,247.6178,0.84835480334384,0.30656390828504926,0.15164519665616008,True,True,True
W3_PV4,风电场景3,光伏场景4,45.0,15,"0,1,2,3,4,5,6,7,8,9,15,16,17,22,23",0:00-1:00;1:00-2:00;2:00-3:00;3:00-4:00;4:00-5:00;5:00-6:00;6:00-7:00;7:00-8:00;8:00-9:00;9:00-10:00;15:00-16:00;16:00-17:00;17:00-18:00;22:00-23:00;23:00-24:00,0.625,313929.47623333335,6976.210582962964,221357.96728,40710.0,2457.6,30000.0,45000.0,45.0,3333.3333333333335,28974.424380000004,0.7373160202823078,2,部分满足,683.22,291.88,468.0122,76.6722,215.2078,0.7373160202823078,0.31499048622698395,0.2626839797176922,True,True,False
W3_PV4,风电场景3,光伏场景4,36.0,12,"0,1,2,3,4,5,6,7,15,16,17,23",0:00-1:00;1:00-2:00;2:00-3:00;3:00-4:00;4:00-5:00;5:00-6:00;6:00-7:00;7:00-8:00;15:00-16:00;16:00-17:00;17:00-18:00;23:00-24:00,0.5,227730.86713333332,6325.85742037037,157465.68276,40710.0,2457.6,24000.0,36000.0,36.0,3333.3333333333335,36271.748960000004,0.6711580101411538,2,部分满足,558.72,291.88,362.8224,95.98240000000001,195.89759999999998,0.6711580101411538,0.35061855670103087,0.32884198985884616,True,True,False
W4_PV1,风电场景4,光伏场景1,72.0,24,"0,1,2,3,4,5,6,7,8,9,10,11,12,13,14,15,16,17,18,19,20,21,22,23",0:00-1:00;1:00-2:00;2:00-3:00;3:00-4:00;4:00-5:00;5:00-6:00;6:00-7:00;7:00-8:00;8:00-9:00;9:00-10:00;10:00-11:00;11:00-12:00;12:00-13:00;13:00-14:00;14:00-15:00;15:00-16:00;16:00-17:00;17:00-18:00;18:00-19:00;19:00-20:00;20:00-21:00;21:00-22:00;22:00-23:00;23:00-24:00,1.0,355434.95873333333,4936.596649074074,181417.7228,55122.6,61132.799999999996,48000.0,72000.0,72.0,3333.3333333333335,65643.49740000001,0.8019144190374536,3,全满足,1056.7199999999998,876.924,353.50199999999995,173.706,703.218,0.8019144190374536,0.6654724051782877,0.19808558096254636,True,True,True
W4_PV1,风电场景4,光伏场景1,63.0,21,"0,1,2,3,4,5,6,7,8,9,10,11,12,13,14,15,16,17,18,22,23",0:00-1:00;1:00-2:00;2:00-3:00;3:00-4:00;4:00-5:00;5:00-6:00;6:00-7:00;7:00-8:00;8:00-9:00;9:00-10:00;10:00-11:00;11:00-12:00;12:00-13:00;13:00-14:00;14:00-15:00;15:00-16:00;16:00-17:00;17:00-18:00;18:00-19:00;22:00-23:00;23:00-24:00,0.875,255489.26273333334,4055.385122751323,103218.9838,55122.6,61132.799999999996,42000.0,63000.0,63.0,3333.3333333333335,72381.4544,0.7815819842996656,2,部分满足,932.22,876.924,246.832,191.536,685.3879999999999,0.7815819842996656,0.7352212996932054,0.21841801570033437,True,True,False
W4_PV1,风电场景4,光伏场景1,54.0,18,"0,1,2,3,4,5,6,7,8,9,10,11,12,13,14,15,16,23",0:00-1:00;1:00-2:00;2:00-3:00;3:00-4:00;4:00-5:00;5:00-6:00;6:00-7:00;7:00-8:00;8:00-9:00;9:00-10:00;10:00-11:00;11:00-12:00;12:00-13:00;13:00-14:00;14:00-15:00;15:00-16:00;16:00-17:00;23:00-24:00,0.75,176782.66763333333,3273.7531043209874,64697.918079999996,55122.6,61132.799999999996,36000.0,54000.0,54.0,3333.3333333333335,97557.98378000001,0.7056093800603017,2,部分满足,807.7199999999999,876.924,188.95420000000001,258.15819999999997,618.7658,0.7056093800603017,0.7660647253998911,0.2943906199396983,True,True,False
W4_PV1,风电场景4,光伏场景1,45.0,15,"0,1,2,3,4,5,6,7,8,9,11,12,13,15,23",0:00-1:00;1:00-2:00;2:00-3:00;3:00-4:00;4:00-5:00;5:00-6:00;6:00-7:00;7:00-8:00;8:00-9:00;9:00-10:00;11:00-12:00;12:00-13:00;13:00-14:00;15:00-16:00;23:00-24:00,0.625,114725.11763333331,2549.447058518518,64697.918079999996,55122.6,61132.799999999996,30000.0,45000.0,45.0,3333.3333333333335,144606.53378000003,0.5636358452956015,1,部分满足,683.22,876.924,188.95420000000001,382.65819999999997,494.2658,0.5636358452956015,0.7234357893504288,0.43636415470439854,False,True,False
W4_PV1,风电场景4,光伏场景1,36.0,12,"0,1,2,3,4,5,6,8,11,12,13,23",0:00-1:00;1:00-2:00;2:00-3:00;3:00-4:00;4:00-5:00;5:00-6:00;6:00-7:00;8:00-9:00;11:00-12:00;12:00-13:00;13:00-14:00;23:00-24:00,0.5,52667.56763333332,1462.9879898148145,64697.918079999996,55122.6,61132.799999999996,24000.0,36000.0,36.0,3333.3333333333335,191655.08378000002,0.4216623105309012,1,部分满足,558.72,876.924,188.95420000000001,507.15819999999997,369.7658,0.4216623105309012,0.66180877720504,0.5783376894690988,False,True,False
W4_PV2,风电场景4,光伏场景2,72.0,24,"0,1,2,3,4,5,6,7,8,9,10,11,12,13,14,15,16,17,18,19,20,21,22,23",0:00-1:00;1:00-2:00;2:00-3:00;3:00-4:00;4:00-5:00;5:00-6:00;6:00-7:00;7:00-8:00;8:00-9:00;9:00-10:00;10:00-11:00;11:00-12:00;12:00-13:00;13:00-14:00;14:00-15:00;15:00-16:00;16:00-17:00;17:00-18:00;18:00-19:00;19:00-20:00;20:00-21:00;21:00-22:00;22:00-23:00;23:00-24:00,1.0,445238.33063333336,6183.865703240741,240285.61888,55122.6,30105.6,48000.0,72000.0,72.0,3333.3333333333335,3680.8215800000035,0.9842484361961564,3,全满足,1056.7199999999998,618.364,448.09619999999995,9.740200000000009,608.6238000000001,0.9842484361961564,0.5759555984555986,0.015751563803843703,True,True,True
W4_PV2,风电场景4,光伏场景2,63.0,21,"0,1,2,3,4,5,6,7,8,9,10,11,12,13,14,15,16,17,21,22,23",0:00-1:00;1:00-2:00;2:00-3:00;3:00-4:00;4:00-5:00;5:00-6:00;6:00-7:00;7:00-8:00;8:00-9:00;9:00-10:00;10:00-11:00;11:00-12:00;12:00-13:00;13:00-14:00;14:00-15:00;15:00-16:00;16:00-17:00;17:00-18:00;21:00-22:00;22:00-23:00;23:00-24:00,0.875,343134.3845333333,5446.5775322751315,164588.96816000002,55122.6,30105.6,42000.0,63000.0,63.0,3333.3333333333335,15079.116960000007,0.9354710170708513,3,全满足,932.22,618.364,353.7584,39.90240000000001,578.4616,0.9354710170708513,0.6205204779987556,0.06452898292914853,True,True,True
W4_PV2,风电场景4,光伏场景2,54.0,18,"0,1,2,3,4,5,6,7,8,9,11,12,13,14,15,16,17,23",0:00-1:00;1:00-2:00;2:00-3:00;3:00-4:00;4:00-5:00;5:00-6:00;6:00-7:00;7:00-8:00;8:00-9:00;9:00-10:00;11:00-12:00;12:00-13:00;13:00-14:00;14:00-15:00;15:00-16:00;16:00-17:00;17:00-18:00;23:00-24:00,0.75,258953.68673333334,4795.438643209876,109782.6098,55122.6,30105.6,36000.0,54000.0,54.0,3333.3333333333335,29444.45640000001,0.873996545723878,3,全满足,807.72,618.364,267.272,77.916,540.4480000000001,0.873996545723878,0.6691031545585104,0.12600345427612214,True,True,True
W4_PV2,风电场景4,光伏场景2,45.0,15,"0,1,2,3,4,5,6,8,9,12,13,14,15,16,23",0:00-1:00;1:00-2:00;2:00-3:00;3:00-4:00;4:00-5:00;5:00-6:00;6:00-7:00;8:00-9:00;9:00-10:00;12:00-13:00;13:00-14:00;14:00-15:00;15:00-16:00;16:00-17:00;23:00-24:00,0.625,186441.55973333333,4143.145771851851,84164.4174,55122.6,30105.6,30000.0,45000.0,45.0,3333.3333333333335,61329.39100000001,0.7375494045578332,2,部分满足,683.2199999999999,618.364,227.14600000000002,162.29000000000002,456.074,0.7375494045578332,0.6675360791545916,0.26245059544216676,True,True,False
W4_PV2,风电场景4,光伏场景2,36.0,12,"0,1,2,3,4,5,6,12,13,14,15,23",0:00-1:00;1:00-2:00;2:00-3:00;3:00-4:00;4:00-5:00;5:00-6:00;6:00-7:00;12:00-13:00;13:00-14:00;14:00-15:00;15:00-16:00;23:00-24:00,0.5,118850.35163333332,3301.3986564814813,69518.91008,55122.6,30105.6,24000.0,36000.0,36.0,3333.3333333333335,99266.09178,0.5752045720643505,1,部分满足,558.72,618.364,203.0342,262.6782,355.68580000000003,0.5752045720643505,0.6366083190148912,0.42479542793564956,False,True,False
W4_PV3,风电场景4,光伏场景3,72.0,24,"0,1,2,3,4,5,6,7,8,9,10,11,12,13,14,15,16,17,18,19,20,21,22,23",0:00-1:00;1:00-2:00;2:00-3:00;3:00-4:00;4:00-5:00;5:00-6:00;6:00-7:00;7:00-8:00;8:00-9:00;9:00-10:00;10:00-11:00;11:00-12:00;12:00-13:00;13:00-14:00;14:00-15:00;15:00-16:00;16:00-17:00;17:00-18:00;18:00-19:00;19:00-20:00;20:00-21:00;21:00-22:00;22:00-23:00;23:00-24:00,1.0,542615.7007333334,7536.329176851852,353873.3674,55122.6,10214.4,48000.0,72000.0,72.0,3333.3333333333335,0.0,1.0,3,全满足,1056.7199999999998,452.60400000000004,604.116,0.0,452.60400000000004,1.0,0.42831024301612547,0.0,True,True,True
W4_PV3,风电场景4,光伏场景3,63.0,21,"0,1,2,3,4,5,6,7,8,9,11,12,13,14,15,16,17,18,21,22,23",0:00-1:00;1:00-2:00;2:00-3:00;3:00-4:00;4:00-5:00;5:00-6:00;6:00-7:00;7:00-8:00;8:00-9:00;9:00-10:00;11:00-12:00;12:00-13:00;13:00-14:00;14:00-15:00;15:00-16:00;16:00-17:00;17:00-18:00;18:00-19:00;21:00-22:00;22:00-23:00;23:00-24:00,0.875,439084.5007333333,6969.595249735449,275478.8874,55122.6,10214.4,42000.0,63000.0,63.0,3333.3333333333335,10127.72,0.9407870898180307,3,全满足,932.22,452.60400000000004,506.416,26.799999999999997,425.80400000000003,0.9407870898180307,0.45676342494261013,0.05921291018196922,True,True,True
W4_PV3,风电场景4,光伏场景3,54.0,18,"0,1,2,3,4,5,6,7,8,9,12,13,14,15,16,17,22,23",0:00-1:00;1:00-2:00;2:00-3:00;3:00-4:00;4:00-5:00;5:00-6:00;6:00-7:00;7:00-8:00;8:00-9:00;9:00-10:00;12:00-13:00;13:00-14:00;14:00-15:00;15:00-16:00;16:00-17:00;17:00-18:00;22:00-23:00;23:00-24:00,0.75,345517.25683333335,6398.467719135802,209336.85032,55122.6,10214.4,36000.0,54000.0,54.0,3333.3333333333335,22543.926820000004,0.8681942713718837,3,全满足,807.72,452.60400000000004,414.7718,59.6558,392.94820000000004,0.8681942713718837,0.4864906155598475,0.1318057286281164,True,True,True
W4_PV3,风电场景4,光伏场景3,45.0,15,"0,1,2,3,4,5,6,7,8,9,14,15,16,17,23",0:00-1:00;1:00-2:00;2:00-3:00;3:00-4:00;4:00-5:00;5:00-6:00;6:00-7:00;7:00-8:00;8:00-9:00;9:00-10:00;14:00-15:00;15:00-16:00;16:00-17:00;17:00-18:00;23:00-24:00,0.625,258424.65163333333,5742.770036296296,155607.99928,55122.6,10214.4,30000.0,45000.0,45.0,3333.3333333333335,40898.680980000005,0.760881035077021,2,部分满足,683.22,452.60400000000004,338.8422,108.2262,344.37780000000004,0.760881035077021,0.5040511109159568,0.23911896492297902,True,True,False
W4_PV3,风电场景4,光伏场景3,36.0,12,"0,1,2,3,4,5,6,7,8,9,15,23",0:00-1:00;1:00-2:00;2:00-3:00;3:00-4:00;4:00-5:00;5:00-6:00;6:00-7:00;7:00-8:00;8:00-9:00;9:00-10:00;15:00-16:00;23:00-24:00,0.5,177562.08553333333,4932.280153703704,111764.91636,55122.6,10214.4,24000.0,36000.0,36.0,3333.3333333333335,62909.16416,0.6321941476434146,2,部分满足,558.72,452.60400000000004,272.58639999999997,166.47039999999998,286.13360000000006,0.6321941476434146,0.5121234249713632,0.36780585235658536,True,True,False
W4_PV4,风电场景4,光伏场景4,72.0,24,"0,1,2,3,4,5,6,7,8,9,10,11,12,13,14,15,16,17,18,19,20,21,22,23",0:00-1:00;1:00-2:00;2:00-3:00;3:00-4:00;4:00-5:00;5:00-6:00;6:00-7:00;7:00-8:00;8:00-9:00;9:00-10:00;10:00-11:00;11:00-12:00;12:00-13:00;13:00-14:00;14:00-15:00;15:00-16:00;16:00-17:00;17:00-18:00;18:00-19:00;19:00-20:00;20:00-21:00;21:00-22:00;22:00-23:00;23:00-24:00,1.0,582108.4367333334,8084.839399074075,401122.90340000007,55122.6,2457.6,48000.0,72000.0,72.0,3333.3333333333335,0.0,1.0,3,全满足,1056.7199999999998,387.964,668.7560000000001,0.0,387.964,1.0,0.36713982890453484,0.0,True,True,True
W4_PV4,风电场景4,光伏场景4,63.0,21,"0,1,2,3,4,5,6,7,8,9,12,13,14,15,16,17,18,19,21,22,23",0:00-1:00;1:00-2:00;2:00-3:00;3:00-4:00;4:00-5:00;5:00-6:00;6:00-7:00;7:00-8:00;8:00-9:00;9:00-10:00;12:00-13:00;13:00-14:00;14:00-15:00;15:00-16:00;16:00-17:00;17:00-18:00;18:00-19:00;19:00-20:00;21:00-22:00;22:00-23:00;23:00-24:00,0.875,474355.92383333336,7529.459108465609,314749.19732000004,55122.6,2457.6,42000.0,63000.0,63.0,3333.3333333333335,6369.80682,0.9565531853470941,3,全满足,932.22,387.964,561.1118,16.8558,371.1082,0.9565531853470941,0.39809079401857933,0.04344681465290594,True,True,True
W4_PV4,风电场景4,光伏场景4,54.0,18,"0,1,2,3,4,5,6,7,8,9,13,14,15,16,17,21,22,23",0:00-1:00;1:00-2:00;2:00-3:00;3:00-4:00;4:00-5:00;5:00-6:00;6:00-7:00;7:00-8:00;8:00-9:00;9:00-10:00;13:00-14:00;14:00-15:00;15:00-16:00;16:00-17:00;17:00-18:00;21:00-22:00;22:00-23:00;23:00-24:00,0.75,373325.1986333334,6913.429604320989,241081.17428000004,55122.6,2457.6,36000.0,54000.0,54.0,3333.3333333333335,18723.50898,0.8722917590291883,3,全满足,807.72,387.964,469.30219999999997,49.5462,338.4178,0.8722917590291883,0.4189791016688951,0.1277082409708117,True,True,True
W4_PV4,风电场景4,光伏场景4,45.0,15,"0,1,2,3,4,5,6,7,8,9,15,16,17,22,23",0:00-1:00;1:00-2:00;2:00-3:00;3:00-4:00;4:00-5:00;5:00-6:00;6:00-7:00;7:00-8:00;8:00-9:00;9:00-10:00;15:00-16:00;16:00-17:00;17:00-18:00;22:00-23:00;23:00-24:00,0.625,281164.83263333334,6248.107391851852,177598.45128,55122.6,2457.6,30000.0,45000.0,45.0,3333.3333333333335,32392.15198,0.7790614593106576,2,部分满足,683.22,387.964,380.97220000000004,85.7162,302.2478,0.7790614593106576,0.4423872251983255,0.22093854068934232,True,True,False
W4_PV4,风电场景4,光伏场景4,36.0,12,"0,1,2,3,4,5,6,7,8,9,15,23",0:00-1:00;1:00-2:00;2:00-3:00;3:00-4:00;4:00-5:00;5:00-6:00;6:00-7:00;7:00-8:00;8:00-9:00;9:00-10:00;15:00-16:00;23:00-24:00,0.5,197757.86153333334,5493.273931481482,121094.58035999999,55122.6,2457.6,24000.0,36000.0,36.0,3333.3333333333335,44286.252160000004,0.6979348599354579,2,部分满足,558.72,387.964,287.94640000000004,117.1904,270.7736,0.6979348599354579,0.4846320160366552,0.30206514006454205,True,True,False
W5_PV1,风电场景5,光伏场景1,72.0,24,"0,1,2,3,4,5,6,7,8,9,10,11,12,13,14,15,16,17,18,19,20,21,22,23",0:00-1:00;1:00-2:00;2:00-3:00;3:00-4:00;4:00-5:00;5:00-6:00;6:00-7:00;7:00-8:00;8:00-9:00;9:00-10:00;10:00-11:00;11:00-12:00;12:00-13:00;13:00-14:00;14:00-15:00;15:00-16:00;16:00-17:00;17:00-18:00;18:00-19:00;19:00-20:00;20:00-21:00;21:00-22:00;22:00-23:00;23:00-24:00,1.0,372875.56523333327,5178.827294907406,201792.07508,46497.0,61132.799999999996,48000.0,72000.0,72.0,3333.3333333333335,59951.64318,0.8063945229552612,3,全满足,1056.7199999999998,819.4200000000001,395.9442,158.64419999999998,660.7758000000001,0.8063945229552612,0.625308312514195,0.19360547704473893,True,True,True
W5_PV1,风电场景5,光伏场景1,63.0,21,"0,1,2,3,4,5,6,7,8,9,10,11,12,13,14,15,16,17,21,22,23",0:00-1:00;1:00-2:00;2:00-3:00;3:00-4:00;4:00-5:00;5:00-6:00;6:00-7:00;7:00-8:00;8:00-9:00;9:00-10:00;10:00-11:00;11:00-12:00;12:00-13:00;13:00-14:00;14:00-15:00;15:00-16:00;16:00-17:00;17:00-18:00;21:00-22:00;22:00-23:00;23:00-24:00,0.875,272342.2691333333,4322.89316084656,129064.30436000001,46497.0,61132.799999999996,42000.0,63000.0,63.0,3333.3333333333335,72748.16855999999,0.765069927509702,2,部分满足,932.22,819.4200000000001,305.3064,192.50639999999999,626.9136000000001,0.765069927509702,0.6724953337195083,0.234930072490298,True,True,False
W5_PV1,风电场景5,光伏场景1,54.0,18,"0,1,2,3,4,5,6,7,8,9,10,11,12,13,14,15,16,23",0:00-1:00;1:00-2:00;2:00-3:00;3:00-4:00;4:00-5:00;5:00-6:00;6:00-7:00;7:00-8:00;8:00-9:00;9:00-10:00;10:00-11:00;11:00-12:00;12:00-13:00;13:00-14:00;14:00-15:00;15:00-16:00;16:00-17:00;23:00-24:00,0.75,191255.95613333333,3541.7769654320987,78702.34075999999,46497.0,61132.799999999996,36000.0,54000.0,54.0,3333.3333333333335,88463.51796,0.7143193966464084,2,部分满足,807.7199999999999,819.4200000000001,222.3924,234.0924,585.3276000000001,0.7143193966464084,0.7246664685782204,0.2856806033535915,True,True,False
W5_PV1,风电场景5,光伏场景1,45.0,15,"0,1,2,3,4,5,6,8,10,11,12,13,14,15,23",0:00-1:00;1:00-2:00;2:00-3:00;3:00-4:00;4:00-5:00;5:00-6:00;6:00-7:00;8:00-9:00;10:00-11:00;11:00-12:00;12:00-13:00;13:00-14:00;14:00-15:00;15:00-16:00;23:00-24:00,0.625,126985.52123333332,2821.9004718518513,72845.66848,46497.0,61132.799999999996,30000.0,45000.0,45.0,3333.3333333333335,131868.28058000002,0.5741497644675503,1,部分满足,683.22,819.4200000000001,212.7502,348.9502,470.4698000000001,0.5741497644675503,0.688606598167501,0.4258502355324497,False,True,False
W5_PV1,风电场景5,光伏场景1,36.0,12,"0,1,2,3,4,5,6,8,10,11,13,23",0:00-1:00;1:00-2:00;2:00-3:00;3:00-4:00;4:00-5:00;5:00-6:00;6:00-7:00;8:00-9:00;10:00-11:00;11:00-12:00;13:00-14:00;23:00-24:00,0.5,64927.97123333334,1803.5547564814815,72845.66848,46497.0,61132.799999999996,24000.0,36000.0,36.0,3333.3333333333335,178916.83058,0.42221302872763666,1,部分满足,558.72,819.4200000000001,212.7502,473.4502,345.9698000000001,0.42221302872763666,0.6192185710194732,0.5777869712723633,False,True,False
W5_PV2,风电场景5,光伏场景2,72.0,24,"0,1,2,3,4,5,6,7,8,9,10,11,12,13,14,15,16,17,18,19,20,21,22,23",0:00-1:00;1:00-2:00;2:00-3:00;3:00-4:00;4:00-5:00;5:00-6:00;6:00-7:00;7:00-8:00;8:00-9:00;9:00-10:00;10:00-11:00;11:00-12:00;12:00-13:00;13:00-14:00;14:00-15:00;15:00-16:00;16:00-17:00;17:00-18:00;18:00-19:00;19:00-20:00;20:00-21:00;21:00-22:00;22:00-23:00;23:00-24:00,1.0,464500.6811333333,6451.398349074074,268215.21395999996,46497.0,30105.6,48000.0,72000.0,72.0,3333.3333333333335,3722.4661600000027,0.9824369717933173,3,全满足,1056.7199999999998,560.8599999999999,505.7104,9.850400000000008,551.0095999999999,0.9824369717933173,0.5214338708456355,0.01756302820668261,True,True,True
W5_PV2,风电场景5,光伏场景2,63.0,21,"0,1,2,3,4,5,6,7,8,9,10,11,12,13,14,15,16,17,21,22,23",0:00-1:00;1:00-2:00;2:00-3:00;3:00-4:00;4:00-5:00;5:00-6:00;6:00-7:00;7:00-8:00;8:00-9:00;9:00-10:00;10:00-11:00;11:00-12:00;12:00-13:00;13:00-14:00;14:00-15:00;15:00-16:00;16:00-17:00;17:00-18:00;21:00-22:00;22:00-23:00;23:00-24:00,0.875,360435.5450333333,5721.199127513227,188811.47524000003,46497.0,30105.6,42000.0,63000.0,63.0,3333.3333333333335,13374.863540000002,0.9368958385336804,3,全满足,932.22,560.8599999999999,406.75260000000003,35.39260000000001,525.4673999999999,0.9368958385336804,0.5636731672781102,0.06310416146631961,True,True,True
W5_PV2,风电场景5,光伏场景2,54.0,18,"0,1,2,3,4,5,6,8,9,10,11,12,13,14,15,16,17,23",0:00-1:00;1:00-2:00;2:00-3:00;3:00-4:00;4:00-5:00;5:00-6:00;6:00-7:00;8:00-9:00;9:00-10:00;10:00-11:00;11:00-12:00;12:00-13:00;13:00-14:00;14:00-15:00;15:00-16:00;16:00-17:00;17:00-18:00;23:00-24:00,0.75,274737.5672333333,5087.7327265432095,126244.17308000001,46497.0,30105.6,36000.0,54000.0,54.0,3333.3333333333335,21496.539180000003,0.8985768284420353,3,全满足,807.72,560.8599999999999,303.7442,56.88420000000001,503.9757999999999,0.8985768284420353,0.623948645570247,0.10142317155796458,True,True,True
W5_PV2,风电场景5,光伏场景2,45.0,15,"0,1,2,3,4,5,6,9,10,11,12,13,14,16,23",0:00-1:00;1:00-2:00;2:00-3:00;3:00-4:00;4:00-5:00;5:00-6:00;6:00-7:00;9:00-10:00;10:00-11:00;11:00-12:00;12:00-13:00;13:00-14:00;14:00-15:00;16:00-17:00;23:00-24:00,0.625,201173.39213333334,4470.519825185185,95790.47336,46497.0,30105.6,30000.0,45000.0,45.0,3333.3333333333335,49598.01456000001,0.765990799843098,2,部分满足,683.22,560.8599999999999,253.6064,131.24640000000002,429.6135999999999,0.765990799843098,0.6288071192295306,0.234009200156902,True,True,False
W5_PV2,风电场景5,光伏场景2,36.0,12,"0,1,2,3,4,5,6,9,11,12,13,23",0:00-1:00;1:00-2:00;2:00-3:00;3:00-4:00;4:00-5:00;5:00-6:00;6:00-7:00;9:00-10:00;11:00-12:00;12:00-13:00;13:00-14:00;23:00-24:00,0.5,132683.28923333334,3685.6469231481483,81828.56528,46497.0,30105.6,24000.0,36000.0,36.0,3333.3333333333335,89117.20938000001,0.5795346432264735,1,部分满足,558.72,560.8599999999999,233.68220000000002,235.8222,325.0377999999999,0.5795346432264735,0.5817543671248566,0.4204653567735265,False,True,False
W5_PV3,风电场景5,光伏场景3,72.0,24,"0,1,2,3,4,5,6,7,8,9,10,11,12,13,14,15,16,17,18,19,20,21,22,23",0:00-1:00;1:00-2:00;2:00-3:00;3:00-4:00;4:00-5:00;5:00-6:00;6:00-7:00;7:00-8:00;8:00-9:00;9:00-10:00;10:00-11:00;11:00-12:00;12:00-13:00;13:00-14:00;14:00-15:00;15:00-16:00;16:00-17:00;17:00-18:00;18:00-19:00;19:00-20:00;20:00-21:00;21:00-22:00;22:00-23:00;23:00-24:00,1.0,561453.0103333334,7797.9584768518525,381336.277,46497.0,10214.4,48000.0,72000.0,72.0,3333.3333333333335,0.0,1.0,3,全满足,1056.7199999999998,395.1,661.6200000000001,0.0,395.1,1.0,0.3738928003633887,0.0,True,True,True
W5_PV3,风电场景5,光伏场景3,63.0,21,"0,1,2,3,4,5,6,7,8,9,10,11,12,13,14,15,16,17,21,22,23",0:00-1:00;1:00-2:00;2:00-3:00;3:00-4:00;4:00-5:00;5:00-6:00;6:00-7:00;7:00-8:00;8:00-9:00;9:00-10:00;10:00-11:00;11:00-12:00;12:00-13:00;13:00-14:00;14:00-15:00;15:00-16:00;16:00-17:00;17:00-18:00;21:00-22:00;22:00-23:00;23:00-24:00,0.875,456572.8342333333,7247.187844973544,300391.93028,46497.0,10214.4,42000.0,63000.0,63.0,3333.3333333333335,8926.82938,0.9402120982029866,3,全满足,932.22,395.1,560.7422,23.6222,371.4778,0.9402120982029866,0.39848726695415243,0.05978790179701341,True,True,True
W5_PV3,风电场景5,光伏场景3,54.0,18,"0,1,2,3,4,5,6,7,8,9,11,12,13,15,16,17,21,23",0:00-1:00;1:00-2:00;2:00-3:00;3:00-4:00;4:00-5:00;5:00-6:00;6:00-7:00;7:00-8:00;8:00-9:00;9:00-10:00;11:00-12:00;12:00-13:00;13:00-14:00;15:00-16:00;16:00-17:00;17:00-18:00;21:00-22:00;23:00-24:00,0.75,365978.7463333333,6777.3841913580245,240053.52020000003,46497.0,10214.4,36000.0,54000.0,54.0,3333.3333333333335,24173.5072,0.8380966843837003,3,全满足,807.72,395.1,476.588,63.967999999999996,331.132,0.8380966843837003,0.409958896647353,0.16190331561629964,True,True,True
W5_PV3,风电场景5,光伏场景3,45.0,15,"0,1,2,3,4,5,6,8,9,12,13,15,16,17,23",0:00-1:00;1:00-2:00;2:00-3:00;3:00-4:00;4:00-5:00;5:00-6:00;6:00-7:00;8:00-9:00;9:00-10:00;12:00-13:00;13:00-14:00;15:00-16:00;16:00-17:00;17:00-18:00;23:00-24:00,0.625,279998.75653333333,6222.194589629629,183017.81964,46497.0,10214.4,30000.0,45000.0,45.0,3333.3333333333335,38108.79644,0.7447643634522906,2,部分满足,683.22,395.1,388.96360000000004,100.8436,294.25640000000004,0.7447643634522906,0.43069055355522384,0.2552356365477094,True,True,False
W5_PV3,风电场景5,光伏场景3,36.0,12,"0,1,2,3,4,5,6,8,9,15,16,23",0:00-1:00;1:00-2:00;2:00-3:00;3:00-4:00;4:00-5:00;5:00-6:00;6:00-7:00;8:00-9:00;9:00-10:00;15:00-16:00;16:00-17:00;23:00-24:00,0.5,195393.78523333333,5427.60514537037,134657.78768,46497.0,10214.4,24000.0,36000.0,36.0,3333.3333333333335,59344.73578,0.6025355606175652,2,部分满足,558.7199999999999,395.1,320.6582,157.03820000000002,238.0618,0.6025355606175652,0.4260842640320734,0.39746443938243486,True,True,False
W5_PV4,风电场景5,光伏场景4,72.0,24,"0,1,2,3,4,5,6,7,8,9,10,11,12,13,14,15,16,17,18,19,20,21,22,23",0:00-1:00;1:00-2:00;2:00-3:00;3:00-4:00;4:00-5:00;5:00-6:00;6:00-7:00;7:00-8:00;8:00-9:00;9:00-10:00;10:00-11:00;11:00-12:00;12:00-13:00;13:00-14:00;14:00-15:00;15:00-16:00;16:00-17:00;17:00-18:00;18:00-19:00;19:00-20:00;20:00-21:00;21:00-22:00;22:00-23:00;23:00-24:00,1.0,600945.7463333333,8346.468699074074,428585.813,46497.0,2457.6,48000.0,72000.0,72.0,3333.3333333333335,0.0,1.0,3,全满足,1056.7199999999998,330.4599999999999,726.26,0.0,330.4599999999999,1.0,0.312722386251798,0.0,True,True,True
W5_PV4,风电场景5,光伏场景4,63.0,21,"0,1,2,3,4,5,6,7,8,9,10,11,12,13,14,15,16,17,21,22,23",0:00-1:00;1:00-2:00;2:00-3:00;3:00-4:00;4:00-5:00;5:00-6:00;6:00-7:00;7:00-8:00;8:00-9:00;9:00-10:00;10:00-11:00;11:00-12:00;12:00-13:00;13:00-14:00;14:00-15:00;15:00-16:00;16:00-17:00;17:00-18:00;21:00-22:00;22:00-23:00;23:00-24:00,0.875,495522.21023333335,7865.431908465609,346614.39428,46497.0,2457.6,42000.0,63000.0,63.0,3333.3333333333335,8443.11738,0.9323906070326212,3,全满足,932.22,330.4599999999999,624.1022,22.3422,308.11779999999993,0.9323906070326212,0.33052047799875556,0.06760939296737882,True,True,True
W5_PV4,风电场景5,光伏场景4,54.0,18,"0,1,2,3,4,5,6,7,8,9,12,13,15,16,17,21,22,23",0:00-1:00;1:00-2:00;2:00-3:00;3:00-4:00;4:00-5:00;5:00-6:00;6:00-7:00;7:00-8:00;8:00-9:00;9:00-10:00;12:00-13:00;13:00-14:00;15:00-16:00;16:00-17:00;17:00-18:00;21:00-22:00;22:00-23:00;23:00-24:00,0.75,394762.91033333336,7310.4242654321,273459.42579999997,46497.0,2457.6,36000.0,54000.0,54.0,3333.3333333333335,21038.4488,0.8315318041517883,3,全满足,807.72,330.4599999999999,532.932,55.672000000000004,274.7879999999999,0.8315318041517883,0.34020205021542105,0.16846819584821163,True,True,True
W5_PV4,风电场景5,光伏场景4,45.0,15,"0,1,2,3,4,5,6,7,8,9,15,16,17,21,23",0:00-1:00;1:00-2:00;2:00-3:00;3:00-4:00;4:00-5:00;5:00-6:00;6:00-7:00;7:00-8:00;8:00-9:00;9:00-10:00;15:00-16:00;16:00-17:00;17:00-18:00;21:00-22:00;23:00-24:00,0.625,302768.22713333333,6728.182825185185,210473.57716000002,46497.0,2457.6,30000.0,45000.0,45.0,3333.3333333333335,35038.28336,0.7194262543121709,2,部分满足,683.22,330.4599999999999,445.4784,92.7184,237.74159999999992,0.7194262543121709,0.3479722490559409,0.28057374568782917,True,True,False
W5_PV4,风电场景5,光伏场景4,36.0,12,"0,1,2,3,4,5,6,8,9,16,21,23",0:00-1:00;1:00-2:00;2:00-3:00;3:00-4:00;4:00-5:00;5:00-6:00;6:00-7:00;8:00-9:00;9:00-10:00;16:00-17:00;21:00-22:00;23:00-24:00,0.5,216155.50823333336,6004.3196731481485,145485.30008000002,46497.0,2457.6,24000.0,36000.0,36.0,3333.3333333333335,41653.72518,0.6664522181201961,2,部分满足,558.7199999999999,330.4599999999999,338.4842,110.2242,220.23579999999993,0.6664522181201961,0.3941791953035509,0.333547781879804,True,True,False
W6_PV1,风电场景6,光伏场景1,72.0,24,"0,1,2,3,4,5,6,7,8,9,10,11,12,13,14,15,16,17,18,19,20,21,22,23",0:00-1:00;1:00-2:00;2:00-3:00;3:00-4:00;4:00-5:00;5:00-6:00;6:00-7:00;7:00-8:00;8:00-9:00;9:00-10:00;10:00-11:00;11:00-12:00;12:00-13:00;13:00-14:00;14:00-15:00;15:00-16:00;16:00-17:00;17:00-18:00;18:00-19:00;19:00-20:00;20:00-21:00;21:00-22:00;22:00-23:00;23:00-24:00,1.0,396989.0382333333,5513.736642129629,215826.12588,30948.0,61132.799999999996,48000.0,72000.0,72.0,3333.3333333333335,34323.22098,0.8731052308036213,3,全满足,1056.7199999999998,715.76,431.7862,90.8262,624.9338,0.8731052308036213,0.5913901506548567,0.12689476919637868,True,True,True
W6_PV1,风电场景6,光伏场景1,63.0,21,"0,1,2,3,4,5,6,7,8,9,10,11,12,13,14,15,16,17,21,22,23",0:00-1:00;1:00-2:00;2:00-3:00;3:00-4:00;4:00-5:00;5:00-6:00;6:00-7:00;7:00-8:00;8:00-9:00;9:00-10:00;10:00-11:00;11:00-12:00;12:00-13:00;13:00-14:00;14:00-15:00;15:00-16:00;16:00-17:00;17:00-18:00;21:00-22:00;22:00-23:00;23:00-24:00,0.875,295739.1861333333,4694.272795767195,141743.90396,30948.0,61132.799999999996,42000.0,63000.0,63.0,3333.3333333333335,46481.851160000006,0.8281541298759361,3,全满足,932.22,715.76,339.4604,123.0004,592.7596,0.8281541298759361,0.6358580592563987,0.17184587012406394,True,True,True
W6_PV1,风电场景6,光伏场景1,54.0,18,"0,1,2,3,4,5,6,7,8,9,10,11,12,13,14,15,16,23",0:00-1:00;1:00-2:00;2:00-3:00;3:00-4:00;4:00-5:00;5:00-6:00;6:00-7:00;7:00-8:00;8:00-9:00;9:00-10:00;10:00-11:00;11:00-12:00;12:00-13:00;13:00-14:00;14:00-15:00;15:00-16:00;16:00-17:00;23:00-24:00,0.75,214855.75113333334,3978.8102061728396,91918.88196,30948.0,61132.799999999996,36000.0,54000.0,54.0,3333.3333333333335,62531.26416,0.7688185984128759,2,部分满足,807.7199999999999,715.76,257.4304,165.47039999999998,550.2896000000001,0.7688185984128759,0.6812875749021939,0.23118140158712416,True,True,False
W6_PV1,风电场景6,光伏场景1,45.0,15,"0,1,2,3,4,5,6,8,9,10,11,12,13,14,23",0:00-1:00;1:00-2:00;2:00-3:00;3:00-4:00;4:00-5:00;5:00-6:00;6:00-7:00;8:00-9:00;9:00-10:00;10:00-11:00;11:00-12:00;12:00-13:00;13:00-14:00;14:00-15:00;23:00-24:00,0.625,149529.15723333333,3322.8701607407406,83266.95487999999,30948.0,61132.799999999996,30000.0,45000.0,45.0,3333.3333333333335,104196.93098,0.6147784173465967,2,部分满足,683.22,715.76,243.1862,275.72619999999995,440.03380000000004,0.6147784173465967,0.6440587219343696,0.3852215826534033,True,True,False
W6_PV1,风电场景6,光伏场景1,36.0,12,"0,1,2,3,4,5,6,8,10,11,12,23",0:00-1:00;1:00-2:00;2:00-3:00;3:00-4:00;4:00-5:00;5:00-6:00;6:00-7:00;8:00-9:00;10:00-11:00;11:00-12:00;12:00-13:00;23:00-24:00,0.5,87471.6072333333,2429.7668675925916,83266.95487999999,30948.0,61132.799999999996,24000.0,36000.0,36.0,3333.3333333333335,151245.48098,0.44083743154129884,1,部分满足,558.72,715.76,243.1862,400.22619999999995,315.53380000000004,0.44083743154129884,0.5647440578465064,0.5591625684587012,False,True,False
W6_PV2,风电场景6,光伏场景2,72.0,24,"0,1,2,3,4,5,6,7,8,9,10,11,12,13,14,15,16,17,18,19,20,21,22,23",0:00-1:00;1:00-2:00;2:00-3:00;3:00-4:00;4:00-5:00;5:00-6:00;6:00-7:00;7:00-8:00;8:00-9:00;9:00-10:00;10:00-11:00;11:00-12:00;12:00-13:00;13:00-14:00;14:00-15:00;15:00-16:00;16:00-17:00;17:00-18:00;18:00-19:00;19:00-20:00;20:00-21:00;21:00-22:00;22:00-23:00;23:00-24:00,1.0,506686.1703333333,7037.307921296296,322227.23699999996,30948.0,30105.6,48000.0,72000.0,72.0,3333.3333333333335,0.0,1.0,3,全满足,1056.7199999999998,457.20000000000005,599.52,0.0,457.20000000000005,1.0,0.43265955030660924,0.0,True,True,True
W6_PV2,风电场景6,光伏场景2,63.0,21,"0,1,2,3,4,5,6,7,8,9,10,11,12,13,14,15,16,17,21,22,23",0:00-1:00;1:00-2:00;2:00-3:00;3:00-4:00;4:00-5:00;5:00-6:00;6:00-7:00;7:00-8:00;8:00-9:00;9:00-10:00;10:00-11:00;11:00-12:00;12:00-13:00;13:00-14:00;14:00-15:00;15:00-16:00;16:00-17:00;17:00-18:00;21:00-22:00;22:00-23:00;23:00-24:00,0.875,401904.47823333327,6379.436162433862,241469.04708,30948.0,30105.6,42000.0,63000.0,63.0,3333.3333333333335,9014.502180000003,0.9478254593175853,3,全满足,932.22,457.20000000000005,498.8742,23.854200000000002,433.34580000000005,0.9478254593175853,0.46485357533629407,0.0521745406824147,True,True,True
W6_PV2,风电场景6,光伏场景2,54.0,18,"0,1,2,3,4,5,6,8,9,10,11,12,13,14,15,16,17,23",0:00-1:00;1:00-2:00;2:00-3:00;3:00-4:00;4:00-5:00;5:00-6:00;6:00-7:00;8:00-9:00;9:00-10:00;10:00-11:00;11:00-12:00;12:00-13:00;13:00-14:00;14:00-15:00;15:00-16:00;16:00-17:00;17:00-18:00;23:00-24:00,0.75,316564.5204333333,5862.305933950616,179849.28892,30948.0,30105.6,36000.0,54000.0,54.0,3333.3333333333335,17725.701820000002,0.8974063867016623,3,全满足,807.72,457.20000000000005,397.4258,46.9058,410.29420000000005,0.8974063867016623,0.507965879265092,0.1025936132983377,True,True,True
W6_PV2,风电场景6,光伏场景2,45.0,15,"0,1,2,3,4,5,6,9,11,12,13,14,15,16,23",0:00-1:00;1:00-2:00;2:00-3:00;3:00-4:00;4:00-5:00;5:00-6:00;6:00-7:00;9:00-10:00;11:00-12:00;12:00-13:00;13:00-14:00;14:00-15:00;15:00-16:00;16:00-17:00;23:00-24:00,0.625,236460.88233333334,5254.686274074074,136782.5174,30948.0,30105.6,30000.0,45000.0,45.0,3333.3333333333335,39753.568400000004,0.769912510936133,2,部分满足,683.22,457.20000000000005,331.216,105.196,352.004,0.769912510936133,0.5152132548812974,0.230087489063867,True,True,False
W6_PV2,风电场景6,光伏场景2,36.0,12,"0,1,2,3,4,5,6,12,13,14,15,23",0:00-1:00;1:00-2:00;2:00-3:00;3:00-4:00;4:00-5:00;5:00-6:00;6:00-7:00;12:00-13:00;13:00-14:00;14:00-15:00;15:00-16:00;23:00-24:00,0.5,161783.95533333332,4493.998759259259,105946.093,30948.0,30105.6,24000.0,36000.0,36.0,3333.3333333333335,68585.07100000001,0.6030402449693788,2,部分满足,558.72,457.20000000000005,283.01,181.49,275.71000000000004,0.6030402449693788,0.4934672107674685,0.39695975503062114,True,True,False
W6_PV3,风电场景6,光伏场景3,72.0,24,"0,1,2,3,4,5,6,7,8,9,10,11,12,13,14,15,16,17,18,19,20,21,22,23",0:00-1:00;1:00-2:00;2:00-3:00;3:00-4:00;4:00-5:00;5:00-6:00;6:00-7:00;7:00-8:00;8:00-9:00;9:00-10:00;10:00-11:00;11:00-12:00;12:00-13:00;13:00-14:00;14:00-15:00;15:00-16:00;16:00-17:00;17:00-18:00;18:00-19:00;19:00-20:00;20:00-21:00;21:00-22:00;22:00-23:00;23:00-24:00,1.0,607819.9943333335,8441.944365740743,443252.26100000006,30948.0,10214.4,48000.0,72000.0,72.0,3333.3333333333335,0.0,1.0,2,部分满足,1056.7199999999998,291.44,765.28,0.0,291.44,1.0,0.27579680520857,0.0,True,False,True
W6_PV3,风电场景6,光伏场景3,63.0,21,"0,1,2,3,4,5,6,7,8,9,10,11,12,13,14,15,16,17,21,22,23",0:00-1:00;1:00-2:00;2:00-3:00;3:00-4:00;4:00-5:00;5:00-6:00;6:00-7:00;7:00-8:00;8:00-9:00;9:00-10:00;10:00-11:00;11:00-12:00;12:00-13:00;13:00-14:00;14:00-15:00;15:00-16:00;16:00-17:00;17:00-18:00;21:00-22:00;22:00-23:00;23:00-24:00,0.875,502223.2622333333,7971.797813227513,360953.46308,30948.0,10214.4,42000.0,63000.0,63.0,3333.3333333333335,8288.93418,0.9247385396651112,2,部分满足,932.22,291.44,662.7142,21.934200000000004,269.5058,0.9247385396651112,0.2891010705627427,0.07526146033488884,True,False,True
W6_PV3,风电场景6,光伏场景3,54.0,18,"0,1,2,3,4,5,6,7,8,9,12,13,15,16,17,21,22,23",0:00-1:00;1:00-2:00;2:00-3:00;3:00-4:00;4:00-5:00;5:00-6:00;6:00-7:00;7:00-8:00;8:00-9:00;9:00-10:00;12:00-13:00;13:00-14:00;15:00-16:00;16:00-17:00;17:00-18:00;21:00-22:00;22:00-23:00;23:00-24:00,0.75,402852.9263333333,7460.23937654321,290423.94740000006,30948.0,10214.4,36000.0,54000.0,54.0,3333.3333333333335,22120.754399999998,0.7991490529783146,1,部分满足,807.72,291.44,574.816,58.536,232.904,0.7991490529783146,0.2883474471351458,0.20085094702168543,True,False,False
W6_PV3,风电场景6,光伏场景3,45.0,15,"0,1,2,3,4,5,6,7,8,9,15,16,17,21,23",0:00-1:00;1:00-2:00;2:00-3:00;3:00-4:00;4:00-5:00;5:00-6:00;6:00-7:00;7:00-8:00;8:00-9:00;9:00-10:00;15:00-16:00;16:00-17:00;17:00-18:00;21:00-22:00;23:00-24:00,0.625,312091.96913333336,6935.377091851852,230027.72996000003,30948.0,10214.4,30000.0,45000.0,45.0,3333.3333333333335,37476.49416,0.6597227559703541,1,部分满足,683.22,291.44,490.9504,99.1704,192.2696,0.6597227559703541,0.2814168203506923,0.3402772440296459,True,False,False
W6_PV3,风电场景6,光伏场景3,36.0,12,"0,1,2,3,4,5,6,7,8,15,17,23",0:00-1:00;1:00-2:00;2:00-3:00;3:00-4:00;4:00-5:00;5:00-6:00;6:00-7:00;7:00-8:00;8:00-9:00;15:00-16:00;17:00-18:00;23:00-24:00,0.5,226659.33923333336,6296.092756481482,168162.70368,30948.0,10214.4,24000.0,36000.0,36.0,3333.3333333333335,46035.09778,0.5820127642053253,1,部分满足,558.72,291.44,389.0982,121.81819999999999,169.6218,0.5820127642053253,0.3035899914089347,0.41798723579467467,False,True,False
W6_PV4,风电场景6,光伏场景4,72.0,24,"0,1,2,3,4,5,6,7,8,9,10,11,12,13,14,15,16,17,18,19,20,21,22,23",0:00-1:00;1:00-2:00;2:00-3:00;3:00-4:00;4:00-5:00;5:00-6:00;6:00-7:00;7:00-8:00;8:00-9:00;9:00-10:00;10:00-11:00;11:00-12:00;12:00-13:00;13:00-14:00;14:00-15:00;15:00-16:00;16:00-17:00;17:00-18:00;18:00-19:00;19:00-20:00;20:00-21:00;21:00-22:00;22:00-23:00;23:00-24:00,1.0,647312.7303333334,8990.454587962964,490501.79699999996,30948.0,2457.6,48000.0,72000.0,72.0,3333.3333333333335,0.0,1.0,2,部分满足,1056.7199999999998,226.8,829.92,0.0,226.8,1.0,0.2146263910969794,0.0,True,False,True
W6_PV4,风电场景6,光伏场景4,63.0,21,"0,1,2,3,4,5,6,7,8,9,12,13,14,15,16,17,18,19,21,22,23",0:00-1:00;1:00-2:00;2:00-3:00;3:00-4:00;4:00-5:00;5:00-6:00;6:00-7:00;7:00-8:00;8:00-9:00;9:00-10:00;12:00-13:00;13:00-14:00;14:00-15:00;15:00-16:00;16:00-17:00;17:00-18:00;18:00-19:00;19:00-20:00;21:00-22:00;22:00-23:00;23:00-24:00,0.875,536790.7794333334,8520.488562433864,398893.23332,30948.0,2457.6,42000.0,63000.0,63.0,3333.3333333333335,3904.3872200000005,0.9544453262786596,2,部分满足,932.22,226.8,715.7518,10.331800000000001,216.46820000000002,0.9544453262786596,0.232207204307996,0.045554673721340394,True,False,True
W6_PV4,风电场景6,光伏场景4,54.0,18,"0,1,2,3,4,5,6,7,8,9,12,13,15,16,17,21,22,23",0:00-1:00;1:00-2:00;2:00-3:00;3:00-4:00;4:00-5:00;5:00-6:00;6:00-7:00;7:00-8:00;8:00-9:00;9:00-10:00;12:00-13:00;13:00-14:00;15:00-16:00;16:00-17:00;17:00-18:00;21:00-22:00;22:00-23:00;23:00-24:00,0.75,431478.46233333333,7990.341895061728,317132.04339999997,30948.0,2457.6,36000.0,54000.0,54.0,3333.3333333333335,12446.514400000002,0.854779541446208,2,部分满足,807.72,226.8,613.856,32.93600000000001,193.864,0.854779541446208,0.2400138661912544,0.1452204585537919,True,False,True
W6_PV4,风电场景6,光伏场景4,45.0,15,"0,1,2,3,4,5,6,7,8,15,16,17,21,22,23",0:00-1:00;1:00-2:00;2:00-3:00;3:00-4:00;4:00-5:00;5:00-6:00;6:00-7:00;7:00-8:00;8:00-9:00;15:00-16:00;16:00-17:00;17:00-18:00;21:00-22:00;22:00-23:00;23:00-24:00,0.625,333421.4751333333,7409.366114074073,242357.94996,30948.0,2457.6,30000.0,45000.0,45.0,3333.3333333333335,20720.40816,0.7582433862433863,1,部分满足,683.22,226.8,511.25039999999996,54.830400000000004,171.9696,0.7582433862433863,0.251704575392992,0.24175661375661375,True,False,False
W6_PV4,风电场景6,光伏场景4,36.0,12,"0,1,2,3,4,5,6,7,8,21,22,23",0:00-1:00;1:00-2:00;2:00-3:00;3:00-4:00;4:00-5:00;5:00-6:00;6:00-7:00;7:00-8:00;8:00-9:00;21:00-22:00;22:00-23:00;23:00-24:00,0.5,245316.1341333333,6814.337059259258,173419.26476,30948.0,2457.6,24000.0,36000.0,36.0,3333.3333333333335,24878.06396,0.7097336860670194,1,部分满足,558.72,226.8,397.75239999999997,65.8324,160.9676,0.7097336860670194,0.28810065864833906,0.29026631393298064,True,False,False
