scenario_id,wind_scenario,pv_scenario,production_ton,total_cost_yuan,ton_cost_yuan_per_ton,grid_purchase_cost_yuan,wind_generation_cost_yuan,pv_generation_cost_yuan,alk_om_cost_yuan,pem_om_cost_yuan,ammonia_om_cost_yuan,ammonia_capex_daily_yuan,grid_export_revenue_yuan,on_hours,selected_hours,selected_times,avg_power_ratio,mean_running_power_ratio,min_running_power_ratio,max_running_power_ratio,utilization_rate,total_ammonia_output_ton,simultaneous_buy_sell_violation,pass_count,satisfaction_type,total_load_mwh,renewable_generation_mwh,grid_purchase_mwh,grid_export_mwh,renewable_self_used_mwh,renewable_self_use_ratio,green_power_ratio,renewable_export_ratio,renewable_self_use_pass,green_power_pass,renewable_export_pass
W1_PV1,风电场景1,光伏场景1,72.0,391011.6537333333,5430.717412962962,219763.86,37848.600000000006,61132.799999999996,48000.0,72000.0,72.0,3333.3333333333335,51138.9396,24,"0,1,2,3,4,5,6,7,8,9,10,11,12,13,14,15,16,17,18,19,20,21,22,23",0:00-1:00;1:00-2:00;2:00-3:00;3:00-4:00;4:00-5:00;5:00-6:00;6:00-7:00;7:00-8:00;8:00-9:00;9:00-10:00;10:00-11:00;11:00-12:00;12:00-13:00;13:00-14:00;14:00-15:00;15:00-16:00;16:00-17:00;17:00-18:00;18:00-19:00;19:00-20:00;20:00-21:00;21:00-22:00;22:00-23:00;23:00-24:00,1.0,1.0,1.0,1.0,1.0,72.0,0,3,全满足,1056.7199999999998,761.7639999999999,430.28,135.324,626.4399999999998,0.8223544299809389,0.5928155045802104,0.17764557001906106,True,True,True
W1_PV1,风电场景1,光伏场景1,63.0,280707.1677333335,4455.669329100531,125183.36080000015,37848.600000000006,61132.799999999996,42000.000000000015,63000.000000000015,63.00000000000001,3333.3333333333335,51853.926400000004,23,"0,1,2,3,4,5,6,7,8,9,10,11,12,13,14,15,16,17,18,19,21,22,23",0:00-1:00;1:00-2:00;2:00-3:00;3:00-4:00;4:00-5:00;5:00-6:00;6:00-7:00;7:00-8:00;8:00-9:00;9:00-10:00;10:00-11:00;11:00-12:00;12:00-13:00;13:00-14:00;14:00-15:00;15:00-16:00;16:00-17:00;17:00-18:00;18:00-19:00;19:00-20:00;21:00-22:00;22:00-23:00;23:00-24:00,0.8750000000000001,0.9130434782608698,0.1,1.0,0.8750000000000001,63.00000000000001,0,3,全满足,932.2200000000003,761.7639999999999,307.6720000000002,137.216,624.5479999999999,0.8198707211157261,0.6699577352985344,0.1801292788842739,True,True,True
W1_PV1,风电场景1,光伏场景1,54.0,201456.54363333344,3730.676733950619,79851.17247999998,37848.600000000006,61132.799999999996,36000.00000000001,54000.00000000001,54.00000000000001,3333.3333333333335,70763.36217999991,19,"0,1,2,3,4,5,6,7,8,9,10,11,12,13,14,15,16,17,23",0:00-1:00;1:00-2:00;2:00-3:00;3:00-4:00;4:00-5:00;5:00-6:00;6:00-7:00;7:00-8:00;8:00-9:00;9:00-10:00;10:00-11:00;11:00-12:00;12:00-13:00;13:00-14:00;14:00-15:00;15:00-16:00;16:00-17:00;17:00-18:00;23:00-24:00,0.7500000000000001,0.9473684210526317,0.3806698795180773,1.0,0.7500000000000001,54.00000000000001,0,2,部分满足,807.7200000000003,761.7639999999999,233.21019999999993,187.25419999999977,574.5098000000002,0.7541834478919983,0.7112734611003813,0.24581655210800168,True,True,False
W1_PV1,风电场景1,光伏场景1,45.0,139398.99363333336,3097.755414074075,79851.17247999998,37848.600000000006,61132.799999999996,30000.0,45000.0,45.0,3333.3333333333335,117811.91217999998,16,"0,1,2,3,4,5,6,7,8,9,11,13,14,16,17,23",0:00-1:00;1:00-2:00;2:00-3:00;3:00-4:00;4:00-5:00;5:00-6:00;6:00-7:00;7:00-8:00;8:00-9:00;9:00-10:00;11:00-12:00;13:00-14:00;14:00-15:00;16:00-17:00;17:00-18:00;23:00-24:00,0.625,0.9375,0.3806698795180738,1.0,0.625,45.0,0,1,部分满足,683.22,761.7639999999999,233.21019999999993,311.75419999999986,450.00980000000004,0.590747003008806,0.6586601680278681,0.409252996991194,False,True,False
W1_PV1,风电场景1,光伏场景1,36.0,77341.44363333331,2148.373434259259,79851.17247999998,37848.600000000006,61132.799999999996,24000.0,36000.0,36.0,3333.3333333333335,164860.46217999997,12,"0,1,2,3,4,5,6,7,9,11,14,23",0:00-1:00;1:00-2:00;2:00-3:00;3:00-4:00;4:00-5:00;5:00-6:00;6:00-7:00;7:00-8:00;9:00-10:00;11:00-12:00;14:00-15:00;23:00-24:00,0.5,0.9999999999999999,0.9999999999999997,1.0,0.5,36.0,0,1,部分满足,558.7199999999999,761.7639999999999,233.21019999999993,436.2541999999999,325.5098,0.42731055812561375,0.582599155211913,0.5726894418743863,False,True,False
W1_PV2,风电场景1,光伏场景2,72.0,489837.93063333334,6803.30459212963,301293.82788,37848.600000000006,30105.6,48000.0,72000.0,72.0,3333.3333333333335,2815.430580000001,24,"0,1,2,3,4,5,6,7,8,9,10,11,12,13,14,15,16,17,18,19,20,21,22,23",0:00-1:00;1:00-2:00;2:00-3:00;3:00-4:00;4:00-5:00;5:00-6:00;6:00-7:00;7:00-8:00;8:00-9:00;9:00-10:00;10:00-11:00;11:00-12:00;12:00-13:00;13:00-14:00;14:00-15:00;15:00-16:00;16:00-17:00;17:00-18:00;18:00-19:00;19:00-20:00;20:00-21:00;21:00-22:00;22:00-23:00;23:00-24:00,1.0,1.0,1.0,1.0,1.0,72.0,0,3,全满足,1056.7199999999998,503.204,560.9662000000001,7.450200000000002,495.7538,0.9851944738118139,0.4691439548792491,0.014805526188186108,True,True,True
W1_PV2,风电场景1,光伏场景2,63.0,374930.1306333334,5951.271914814816,201395.02788000007,37848.600000000006,30105.6,42000.0,63000.0,62.99999999999999,3333.3333333333335,2815.4305800000025,24,"0,1,2,3,4,5,6,7,8,9,10,11,12,13,14,15,16,17,18,19,20,21,22,23",0:00-1:00;1:00-2:00;2:00-3:00;3:00-4:00;4:00-5:00;5:00-6:00;6:00-7:00;7:00-8:00;8:00-9:00;9:00-10:00;10:00-11:00;11:00-12:00;12:00-13:00;13:00-14:00;14:00-15:00;15:00-16:00;16:00-17:00;17:00-18:00;18:00-19:00;19:00-20:00;20:00-21:00;21:00-22:00;22:00-23:00;23:00-24:00,0.875,0.875,0.1,0.9999999999999999,0.875,62.99999999999999,0,3,全满足,932.22,503.204,436.4662,7.450200000000006,495.7538,0.9851944738118139,0.5317991461243055,0.014805526188186115,True,True,True
W1_PV2,风电场景1,光伏场景2,54.0,283020.7746333332,5241.125456172837,125209.6586799999,37848.600000000006,30105.6,35999.99999999999,53999.99999999998,53.99999999999997,3333.3333333333335,3530.417380000001,23,"0,1,2,3,4,5,6,7,8,9,10,11,12,13,14,15,16,17,18,19,21,22,23",0:00-1:00;1:00-2:00;2:00-3:00;3:00-4:00;4:00-5:00;5:00-6:00;6:00-7:00;7:00-8:00;8:00-9:00;9:00-10:00;10:00-11:00;11:00-12:00;12:00-13:00;13:00-14:00;14:00-15:00;15:00-16:00;16:00-17:00;17:00-18:00;18:00-19:00;19:00-20:00;21:00-22:00;22:00-23:00;23:00-24:00,0.7499999999999997,0.782608695652174,0.09999999999999999,0.9999999999999999,0.7499999999999997,53.99999999999997,0,3,全满足,807.7199999999998,503.204,313.85819999999984,9.342200000000002,493.8618,0.9814345672927879,0.6114269796464123,0.018565432707212188,True,True,True
W1_PV2,风电场景1,光伏场景2,45.0,205581.77763333332,4568.483947407407,84672.16447999998,37848.600000000006,30105.6,30000.0,44999.99999999999,44.99999999999999,3333.3333333333335,25422.92017999999,17,"0,1,2,3,4,5,6,7,8,9,10,11,12,13,14,15,23",0:00-1:00;1:00-2:00;2:00-3:00;3:00-4:00;4:00-5:00;5:00-6:00;6:00-7:00;7:00-8:00;8:00-9:00;9:00-10:00;10:00-11:00;11:00-12:00;12:00-13:00;13:00-14:00;14:00-15:00;15:00-16:00;23:00-24:00,0.625,0.8823529411764705,0.4607228915662649,0.9999999999999999,0.625,44.99999999999999,0,3,全满足,683.2199999999999,503.204,247.2901999999999,67.27419999999998,435.9298,0.8663082964364353,0.6380518720177981,0.13369170356356463,True,True,True
W1_PV2,风电场景1,光伏场景2,36.0,143524.22763333333,3986.784100925926,84672.16447999998,37848.600000000006,30105.6,24000.0,36000.0,36.0,3333.3333333333335,72471.47017999997,14,"0,1,2,3,4,5,6,8,9,10,11,13,14,23",0:00-1:00;1:00-2:00;2:00-3:00;3:00-4:00;4:00-5:00;5:00-6:00;6:00-7:00;8:00-9:00;9:00-10:00;10:00-11:00;11:00-12:00;13:00-14:00;14:00-15:00;23:00-24:00,0.5,0.8571428571428573,0.24607228915662727,0.9999999999999999,0.5,36.0,0,2,部分满足,558.72,503.204,247.2901999999999,191.77419999999992,311.4298000000001,0.6188937289846664,0.5573986970217643,0.38110627101533356,True,True,False
W1_PV3,风电场景1,光伏场景3,72.0,587809.1447333334,8164.015899074075,416340.8114,37848.600000000006,10214.4,48000.0,72000.0,72.0,3333.3333333333335,0.0,24,"0,1,2,3,4,5,6,7,8,9,10,11,12,13,14,15,16,17,18,19,20,21,22,23",0:00-1:00;1:00-2:00;2:00-3:00;3:00-4:00;4:00-5:00;5:00-6:00;6:00-7:00;7:00-8:00;8:00-9:00;9:00-10:00;10:00-11:00;11:00-12:00;12:00-13:00;13:00-14:00;14:00-15:00;15:00-16:00;16:00-17:00;17:00-18:00;18:00-19:00;19:00-20:00;20:00-21:00;21:00-22:00;22:00-23:00;23:00-24:00,1.0,1.0,1.0,1.0,1.0,72.0,0,3,全满足,1056.7199999999998,337.44399999999996,719.2760000000001,0.0,337.44399999999996,1.0,0.31933151639033996,0.0,True,True,True
W1_PV3,风电场景1,光伏场景3,63.0,472901.3447333334,7506.370551322752,316442.0114000001,37848.600000000006,10214.4,42000.0,63000.0,62.99999999999999,3333.3333333333335,0.0,24,"0,1,2,3,4,5,6,7,8,9,10,11,12,13,14,15,16,17,18,19,20,21,22,23",0:00-1:00;1:00-2:00;2:00-3:00;3:00-4:00;4:00-5:00;5:00-6:00;6:00-7:00;7:00-8:00;8:00-9:00;9:00-10:00;10:00-11:00;11:00-12:00;12:00-13:00;13:00-14:00;14:00-15:00;15:00-16:00;16:00-17:00;17:00-18:00;18:00-19:00;19:00-20:00;20:00-21:00;21:00-22:00;22:00-23:00;23:00-24:00,0.875,0.875,0.12284337349397592,0.9999999999999999,0.875,62.99999999999999,0,3,全满足,932.22,337.44399999999996,594.776,0.0,337.44399999999996,1.0,0.36197893201175685,0.0,True,True,True
W1_PV3,风电场景1,光伏场景3,54.0,362102.37773333327,6705.59958765432,221367.03119999997,37848.600000000006,10214.4,36000.0,54000.0,53.99999999999999,3333.3333333333335,714.9867999999984,23,"0,1,2,3,4,5,6,7,8,9,10,11,12,13,14,15,16,17,18,19,21,22,23",0:00-1:00;1:00-2:00;2:00-3:00;3:00-4:00;4:00-5:00;5:00-6:00;6:00-7:00;7:00-8:00;8:00-9:00;9:00-10:00;10:00-11:00;11:00-12:00;12:00-13:00;13:00-14:00;14:00-15:00;15:00-16:00;16:00-17:00;17:00-18:00;18:00-19:00;19:00-20:00;21:00-22:00;22:00-23:00;23:00-24:00,0.7499999999999999,0.782608695652174,0.1,0.9999999999999999,0.7499999999999999,53.99999999999999,0,3,全满足,807.72,337.44399999999996,472.16799999999995,1.891999999999996,335.55199999999996,0.9943931437512595,0.41543108998167677,0.005606856248740521,True,True,True
W1_PV3,风电场景1,光伏场景3,45.0,271472.0777333332,6032.712838518516,145745.73119999992,37848.600000000006,10214.4,29999.999999999993,44999.999999999985,44.999999999999986,3333.3333333333335,714.9867999999984,23,"0,1,2,3,4,5,6,7,8,9,10,11,12,13,14,15,16,17,18,19,21,22,23",0:00-1:00;1:00-2:00;2:00-3:00;3:00-4:00;4:00-5:00;5:00-6:00;6:00-7:00;7:00-8:00;8:00-9:00;9:00-10:00;10:00-11:00;11:00-12:00;12:00-13:00;13:00-14:00;14:00-15:00;15:00-16:00;16:00-17:00;17:00-18:00;18:00-19:00;19:00-20:00;21:00-22:00;22:00-23:00;23:00-24:00,0.6249999999999998,0.652173913043478,0.09999999999999999,0.9999999999999999,0.6249999999999998,44.999999999999986,0,3,全满足,683.2199999999998,337.44399999999996,347.6679999999999,1.891999999999996,335.55199999999996,0.9943931437512595,0.49113316354907655,0.005606856248740521,True,True,True
W1_PV3,风电场景1,光伏场景3,36.0,186273.7316333333,5174.270323148146,84672.16447999996,37848.600000000006,10214.4,23999.999999999996,35999.999999999985,35.999999999999986,3333.3333333333335,9830.766180000002,19,"0,1,2,3,4,5,6,7,8,9,10,11,12,13,14,16,17,18,23",0:00-1:00;1:00-2:00;2:00-3:00;3:00-4:00;4:00-5:00;5:00-6:00;6:00-7:00;7:00-8:00;8:00-9:00;9:00-10:00;10:00-11:00;11:00-12:00;12:00-13:00;13:00-14:00;14:00-15:00;16:00-17:00;17:00-18:00;18:00-19:00;23:00-24:00,0.49999999999999994,0.6315789473684209,0.12284337349397592,0.9999999999999999,0.49999999999999994,35.999999999999986,0,3,全满足,558.7199999999999,337.44399999999996,247.2901999999999,26.014200000000006,311.42979999999994,0.9229080973435592,0.557398697021764,0.0770919026564408,True,True,True
W1_PV4,风电场景1,光伏场景4,72.0,627301.8807333334,8712.526121296298,463590.3474,37848.600000000006,2457.6,48000.0,72000.0,72.0,3333.3333333333335,0.0,24,"0,1,2,3,4,5,6,7,8,9,10,11,12,13,14,15,16,17,18,19,20,21,22,23",0:00-1:00;1:00-2:00;2:00-3:00;3:00-4:00;4:00-5:00;5:00-6:00;6:00-7:00;7:00-8:00;8:00-9:00;9:00-10:00;10:00-11:00;11:00-12:00;12:00-13:00;13:00-14:00;14:00-15:00;15:00-16:00;16:00-17:00;17:00-18:00;18:00-19:00;19:00-20:00;20:00-21:00;21:00-22:00;22:00-23:00;23:00-24:00,1.0,1.0,1.0,1.0,1.0,72.0,0,2,部分满足,1056.7199999999998,272.804,783.9159999999999,0.0,272.804,1.0,0.2581611022787494,0.0,True,False,True
W1_PV4,风电场景1,光伏场景4,63.0,512394.0807333332,8133.2393767195745,363691.5473999999,37848.600000000006,2457.6,41999.99999999999,62999.999999999985,62.999999999999986,3333.3333333333335,0.0,24,"0,1,2,3,4,5,6,7,8,9,10,11,12,13,14,15,16,17,18,19,20,21,22,23",0:00-1:00;1:00-2:00;2:00-3:00;3:00-4:00;4:00-5:00;5:00-6:00;6:00-7:00;7:00-8:00;8:00-9:00;9:00-10:00;10:00-11:00;11:00-12:00;12:00-13:00;13:00-14:00;14:00-15:00;15:00-16:00;16:00-17:00;17:00-18:00;18:00-19:00;19:00-20:00;20:00-21:00;21:00-22:00;22:00-23:00;23:00-24:00,0.8749999999999997,0.8749999999999997,0.09999999999999999,1.0,0.8749999999999997,62.999999999999986,0,2,部分满足,932.2199999999997,272.804,659.4159999999998,0.0,272.804,1.0,0.2926390766128168,0.0,True,False,True
W1_PV4,风电场景1,光伏场景4,54.0,397486.28073333326,7360.857050617283,263792.7474,37848.600000000006,2457.6,35999.99999999999,53999.999999999985,53.99999999999999,3333.3333333333335,0.0,24,"0,1,2,3,4,5,6,7,8,9,10,11,12,13,14,15,16,17,18,19,20,21,22,23",0:00-1:00;1:00-2:00;2:00-3:00;3:00-4:00;4:00-5:00;5:00-6:00;6:00-7:00;7:00-8:00;8:00-9:00;9:00-10:00;10:00-11:00;11:00-12:00;12:00-13:00;13:00-14:00;14:00-15:00;15:00-16:00;16:00-17:00;17:00-18:00;18:00-19:00;19:00-20:00;20:00-21:00;21:00-22:00;22:00-23:00;23:00-24:00,0.75,0.75,0.1,1.0,0.75,53.99999999999999,0,3,全满足,807.7199999999999,272.804,534.9159999999999,0.0,272.804,1.0,0.3377457534789283,0.0,True,True,True
W1_PV4,风电场景1,光伏场景4,45.0,303042.3537333333,6734.274527407407,185072.80719999995,37848.600000000006,2457.6,29999.999999999993,44999.99999999999,44.99999999999999,3333.3333333333335,714.9867999999984,23,"0,1,2,3,4,5,6,7,8,9,10,11,12,13,14,15,16,17,18,19,21,22,23",0:00-1:00;1:00-2:00;2:00-3:00;3:00-4:00;4:00-5:00;5:00-6:00;6:00-7:00;7:00-8:00;8:00-9:00;9:00-10:00;10:00-11:00;11:00-12:00;12:00-13:00;13:00-14:00;14:00-15:00;15:00-16:00;16:00-17:00;17:00-18:00;18:00-19:00;19:00-20:00;21:00-22:00;22:00-23:00;23:00-24:00,0.6249999999999999,0.6521739130434782,0.1,0.9999999999999999,0.6249999999999999,44.99999999999999,0,3,全满足,683.2199999999999,272.804,412.3079999999999,1.891999999999996,270.912,0.9930646178208531,0.3965223500483007,0.006935382179146919,True,True,True
W1_PV4,风电场景1,光伏场景4,36.0,212412.0537333333,5900.3348259259255,109451.50719999996,37848.600000000006,2457.6,23999.999999999996,35999.99999999999,35.99999999999999,3333.3333333333335,714.9867999999984,23,"0,1,2,3,4,5,6,7,8,9,10,11,12,13,14,15,16,17,18,19,21,22,23",0:00-1:00;1:00-2:00;2:00-3:00;3:00-4:00;4:00-5:00;5:00-6:00;6:00-7:00;7:00-8:00;8:00-9:00;9:00-10:00;10:00-11:00;11:00-12:00;12:00-13:00;13:00-14:00;14:00-15:00;15:00-16:00;16:00-17:00;17:00-18:00;18:00-19:00;19:00-20:00;21:00-22:00;22:00-23:00;23:00-24:00,0.49999999999999983,0.5217391304347825,0.09999999999999999,0.9999999999999999,0.49999999999999983,35.99999999999999,0,3,全满足,558.7199999999999,272.804,287.8079999999999,1.891999999999996,270.912,0.9930646178208531,0.4848797250859107,0.006935382179146919,True,True,True
W2_PV1,风电场景2,光伏场景1,72.0,420232.97373333335,5836.569079629629,247139.6152,22419.6,61132.799999999996,48000.0,72000.0,72.0,3333.3333333333335,33864.37479999999,24,"0,1,2,3,4,5,6,7,8,9,10,11,12,13,14,15,16,17,18,19,20,21,22,23",0:00-1:00;1:00-2:00;2:00-3:00;3:00-4:00;4:00-5:00;5:00-6:00;6:00-7:00;7:00-8:00;8:00-9:00;9:00-10:00;10:00-11:00;11:00-12:00;12:00-13:00;13:00-14:00;14:00-15:00;15:00-16:00;16:00-17:00;17:00-18:00;18:00-19:00;19:00-20:00;20:00-21:00;21:00-22:00;22:00-23:00;23:00-24:00,1.0,1.0,1.0,1.0,1.0,72.0,0,3,全满足,1056.7199999999998,658.904,487.428,89.61199999999998,569.292,0.8639983973386108,0.5387349534408359,0.1360016026613892,True,True,True
W2_PV1,风电场景2,光伏场景1,63.0,309289.6797333333,4909.359995767195,151382.17839999998,22419.6,61132.799999999996,42000.0,63000.0,62.99999999999999,3333.3333333333335,34041.23199999999,23,"0,1,2,3,4,5,6,7,8,9,10,11,12,13,14,15,16,17,18,19,21,22,23",0:00-1:00;1:00-2:00;2:00-3:00;3:00-4:00;4:00-5:00;5:00-6:00;6:00-7:00;7:00-8:00;8:00-9:00;9:00-10:00;10:00-11:00;11:00-12:00;12:00-13:00;13:00-14:00;14:00-15:00;15:00-16:00;16:00-17:00;17:00-18:00;18:00-19:00;19:00-20:00;21:00-22:00;22:00-23:00;23:00-24:00,0.8749999999999999,0.9130434782608695,0.09999999999999999,1.0,0.8749999999999999,62.99999999999999,0,3,全满足,932.2199999999999,658.904,363.39599999999996,90.07999999999998,568.8240000000001,0.8632881269502083,0.6101821458454014,0.13671187304979177,True,True,True
W2_PV1,风电场景2,光伏场景1,54.0,223868.3205333333,4145.709639506172,90175.61435999998,22419.6,61132.799999999996,36000.0,54000.0,53.999999999999986,3333.3333333333335,43247.02716000001,20,"0,1,2,3,4,5,6,7,8,9,10,11,12,13,14,15,16,17,18,23",0:00-1:00;1:00-2:00;2:00-3:00;3:00-4:00;4:00-5:00;5:00-6:00;6:00-7:00;7:00-8:00;8:00-9:00;9:00-10:00;10:00-11:00;11:00-12:00;12:00-13:00;13:00-14:00;14:00-15:00;15:00-16:00;16:00-17:00;17:00-18:00;18:00-19:00;23:00-24:00,0.75,0.8999999999999998,0.19917108433734818,1.0,0.75,53.999999999999986,0,3,全满足,807.7199999999999,658.904,263.2564,114.44040000000004,544.4635999999999,0.8263170355620848,0.6740746793443272,0.17368296443791514,True,True,True
W2_PV1,风电场景2,光伏场景1,45.0,161810.77053333333,3595.7949007407406,90175.61435999998,22419.6,61132.799999999996,30000.000000000007,45000.00000000001,45.0,3333.3333333333335,90295.57715999999,16,"0,1,2,3,4,5,6,9,11,12,13,14,15,16,17,23",0:00-1:00;1:00-2:00;2:00-3:00;3:00-4:00;4:00-5:00;5:00-6:00;6:00-7:00;9:00-10:00;11:00-12:00;12:00-13:00;13:00-14:00;14:00-15:00;15:00-16:00;16:00-17:00;17:00-18:00;23:00-24:00,0.6250000000000001,0.9375000000000001,0.3304048192771121,1.0,0.6250000000000001,45.0,0,2,部分满足,683.22,658.904,263.2563999999999,238.94039999999993,419.96360000000004,0.6373669001857631,0.61468282544422,0.36263309981423686,True,True,False
W2_PV1,风电场景2,光伏场景1,36.0,99753.22053333331,2770.922792592592,90175.61435999998,22419.6,61132.799999999996,24000.0,36000.0,35.999999999999986,3333.3333333333335,137344.12715999997,12,"0,1,2,3,4,5,6,9,11,13,14,23",0:00-1:00;1:00-2:00;2:00-3:00;3:00-4:00;4:00-5:00;5:00-6:00;6:00-7:00;9:00-10:00;11:00-12:00;13:00-14:00;14:00-15:00;23:00-24:00,0.49999999999999983,0.9999999999999999,0.9999999999999994,1.0,0.49999999999999983,35.999999999999986,0,1,部分满足,558.7199999999999,658.904,263.2563999999999,363.4403999999999,295.4636000000001,0.44841676480944126,0.5288223081328755,0.5515832351905587,False,True,False
W2_PV2,风电场景2,光伏场景2,72.0,530380.3647333334,7366.39395462963,354449.8314,22419.6,30105.6,48000.0,72000.0,72.0,3333.3333333333335,0.0,24,"0,1,2,3,4,5,6,7,8,9,10,11,12,13,14,15,16,17,18,19,20,21,22,23",0:00-1:00;1:00-2:00;2:00-3:00;3:00-4:00;4:00-5:00;5:00-6:00;6:00-7:00;7:00-8:00;8:00-9:00;9:00-10:00;10:00-11:00;11:00-12:00;12:00-13:00;13:00-14:00;14:00-15:00;15:00-16:00;16:00-17:00;17:00-18:00;18:00-19:00;19:00-20:00;20:00-21:00;21:00-22:00;22:00-23:00;23:00-24:00,1.0,1.0,1.0,1.0,1.0,72.0,0,3,全满足,1056.7199999999998,400.34400000000005,656.376,0.0,400.34400000000005,1.0,0.37885532591414955,0.0,True,True,True
W2_PV2,风电场景2,光伏场景2,63.0,415472.56473333336,6594.802614814816,254551.03139999998,22419.6,30105.6,42000.0,63000.0,62.99999999999999,3333.3333333333335,0.0,24,"0,1,2,3,4,5,6,7,8,9,10,11,12,13,14,15,16,17,18,19,20,21,22,23",0:00-1:00;1:00-2:00;2:00-3:00;3:00-4:00;4:00-5:00;5:00-6:00;6:00-7:00;7:00-8:00;8:00-9:00;9:00-10:00;10:00-11:00;11:00-12:00;12:00-13:00;13:00-14:00;14:00-15:00;15:00-16:00;16:00-17:00;17:00-18:00;18:00-19:00;19:00-20:00;20:00-21:00;21:00-22:00;22:00-23:00;23:00-24:00,0.875,0.875,0.09999999999999999,1.0,0.875,62.99999999999999,0,3,全满足,932.22,400.34400000000005,531.876,0.0,400.34400000000005,1.0,0.4294522752140053,0.0,True,True,True
W2_PV2,风电场景2,光伏场景2,54.0,320384.36973333353,5933.0438839506205,174648.69360000017,22419.6,30105.6,36000.000000000015,54000.000000000015,54.000000000000014,3333.3333333333335,176.85719999999864,22,"0,1,2,3,4,5,6,7,8,9,10,11,12,13,14,15,16,17,18,19,22,23",0:00-1:00;1:00-2:00;2:00-3:00;3:00-4:00;4:00-5:00;5:00-6:00;6:00-7:00;7:00-8:00;8:00-9:00;9:00-10:00;10:00-11:00;11:00-12:00;12:00-13:00;13:00-14:00;14:00-15:00;15:00-16:00;16:00-17:00;17:00-18:00;18:00-19:00;19:00-20:00;22:00-23:00;23:00-24:00,0.7500000000000003,0.8181818181818185,0.09999999999999999,0.9999999999999999,0.7500000000000003,54.000000000000014,0,3,全满足,807.7200000000003,400.34400000000005,407.8440000000003,0.46799999999999636,399.87600000000003,0.9988310053354115,0.4950675976823651,0.0011689946645884446,True,True,True
W2_PV2,风电场景2,光伏场景2,45.0,229754.06973333345,5105.645994074077,99027.3936000001,22419.6,30105.6,30000.000000000007,45000.00000000001,45.00000000000001,3333.3333333333335,176.85719999999864,22,"0,1,2,3,4,5,6,7,8,9,10,11,12,13,14,15,16,17,18,19,22,23",0:00-1:00;1:00-2:00;2:00-3:00;3:00-4:00;4:00-5:00;5:00-6:00;6:00-7:00;7:00-8:00;8:00-9:00;9:00-10:00;10:00-11:00;11:00-12:00;12:00-13:00;13:00-14:00;14:00-15:00;15:00-16:00;16:00-17:00;17:00-18:00;18:00-19:00;19:00-20:00;22:00-23:00;23:00-24:00,0.6250000000000001,0.6818181818181819,0.09999999999999999,1.0,0.6250000000000001,45.00000000000001,0,3,全满足,683.2200000000001,400.34400000000005,283.34400000000016,0.46799999999999636,399.87600000000003,0.9988310053354115,0.5852814613155352,0.0011689946645884446,True,True,True
W2_PV2,风电场景2,光伏场景2,36.0,165936.00453333338,4609.333459259261,94996.60635999999,22419.6,30105.6,24000.000000000004,36000.00000000001,36.0,3333.3333333333335,44955.13515999994,13,"0,1,2,3,4,5,6,10,11,12,13,14,23",0:00-1:00;1:00-2:00;2:00-3:00;3:00-4:00;4:00-5:00;5:00-6:00;6:00-7:00;10:00-11:00;11:00-12:00;12:00-13:00;13:00-14:00;14:00-15:00;23:00-24:00,0.5,0.9230769230769231,0.47102650602409835,1.0,0.5,36.0,0,2,部分满足,558.72,400.34400000000005,277.33639999999997,118.96039999999982,281.38360000000023,0.702854545091222,0.5036218499427266,0.297145454908778,True,True,False
W2_PV3,风电场景2,光伏场景3,72.0,631514.1887333334,8771.030399074074,475474.8554,22419.6,10214.4,48000.0,72000.0,72.0,3333.3333333333335,0.0,24,"0,1,2,3,4,5,6,7,8,9,10,11,12,13,14,15,16,17,18,19,20,21,22,23",0:00-1:00;1:00-2:00;2:00-3:00;3:00-4:00;4:00-5:00;5:00-6:00;6:00-7:00;7:00-8:00;8:00-9:00;9:00-10:00;10:00-11:00;11:00-12:00;12:00-13:00;13:00-14:00;14:00-15:00;15:00-16:00;16:00-17:00;17:00-18:00;18:00-19:00;19:00-20:00;20:00-21:00;21:00-22:00;22:00-23:00;23:00-24:00,1.0,1.0,1.0,1.0,1.0,72.0,0,2,部分满足,1056.7199999999998,234.584,822.136,0.0,234.584,1.0,0.22199258081611029,0.0,True,False,True
W2_PV3,风电场景2,光伏场景3,63.0,516606.3887333335,8200.10140846561,375576.0554000001,22419.6,10214.4,42000.00000000001,63000.000000000015,63.0,3333.3333333333335,0.0,24,"0,1,2,3,4,5,6,7,8,9,10,11,12,13,14,15,16,17,18,19,20,21,22,23",0:00-1:00;1:00-2:00;2:00-3:00;3:00-4:00;4:00-5:00;5:00-6:00;6:00-7:00;7:00-8:00;8:00-9:00;9:00-10:00;10:00-11:00;11:00-12:00;12:00-13:00;13:00-14:00;14:00-15:00;15:00-16:00;16:00-17:00;17:00-18:00;18:00-19:00;19:00-20:00;20:00-21:00;21:00-22:00;22:00-23:00;23:00-24:00,0.875,0.875,0.1,1.0,0.875,63.0,0,2,部分满足,932.22,234.584,697.6360000000002,0.0,234.584,1.0,0.2516401707751389,0.0,True,False,True
W2_PV3,风电场景2,光伏场景3,54.0,401786.3777333333,7440.48847654321,275765.0444,22419.6,10214.4,36000.0,54000.0,54.0,3333.3333333333335,0.0,24,"0,1,2,3,4,5,6,7,8,9,10,11,12,13,14,15,16,17,18,19,20,21,22,23",0:00-1:00;1:00-2:00;2:00-3:00;3:00-4:00;4:00-5:00;5:00-6:00;6:00-7:00;7:00-8:00;8:00-9:00;9:00-10:00;10:00-11:00;11:00-12:00;12:00-13:00;13:00-14:00;14:00-15:00;15:00-16:00;16:00-17:00;17:00-18:00;18:00-19:00;19:00-20:00;20:00-21:00;21:00-22:00;22:00-23:00;23:00-24:00,0.75,0.75,0.09999999999999999,1.0,0.75,54.0,0,2,部分满足,807.72,234.584,573.136,0.0,234.584,1.0,0.2904273758233051,0.0,True,False,True
W2_PV3,风电场景2,光伏场景3,45.0,310545.4937333335,6901.010971851855,199710.01760000014,22419.6,10214.4,30000.00000000001,45000.000000000015,45.000000000000014,3333.3333333333335,176.85719999999864,23,"0,1,2,3,4,5,6,7,8,9,10,11,12,13,14,15,16,17,18,19,21,22,23",0:00-1:00;1:00-2:00;2:00-3:00;3:00-4:00;4:00-5:00;5:00-6:00;6:00-7:00;7:00-8:00;8:00-9:00;9:00-10:00;10:00-11:00;11:00-12:00;12:00-13:00;13:00-14:00;14:00-15:00;15:00-16:00;16:00-17:00;17:00-18:00;18:00-19:00;19:00-20:00;21:00-22:00;22:00-23:00;23:00-24:00,0.6250000000000001,0.6521739130434784,0.09999999999999999,1.0,0.6250000000000001,45.00000000000001,0,3,全满足,683.2200000000003,234.584,449.1040000000002,0.46799999999999636,234.116,0.9980049790267026,0.34266561283334784,0.001995020973297396,True,True,True
W2_PV3,风电场景2,光伏场景3,36.0,219915.19373333346,6108.7553814814855,124088.7176000001,22419.6,10214.4,24000.000000000007,36000.000000000015,36.000000000000014,3333.3333333333335,176.85719999999864,23,"0,1,2,3,4,5,6,7,8,9,10,11,12,13,14,15,16,17,18,19,21,22,23",0:00-1:00;1:00-2:00;2:00-3:00;3:00-4:00;4:00-5:00;5:00-6:00;6:00-7:00;7:00-8:00;8:00-9:00;9:00-10:00;10:00-11:00;11:00-12:00;12:00-13:00;13:00-14:00;14:00-15:00;15:00-16:00;16:00-17:00;17:00-18:00;18:00-19:00;19:00-20:00;21:00-22:00;22:00-23:00;23:00-24:00,0.5000000000000001,0.5217391304347828,0.09999999999999999,1.0,0.5000000000000001,36.000000000000014,0,3,全满足,558.7200000000001,234.584,324.60400000000016,0.46799999999999636,234.116,0.9980049790267026,0.4190220504009163,0.001995020973297396,True,True,True
W2_PV4,风电场景2,光伏场景4,72.0,671006.9247333334,9319.540621296297,522724.3914,22419.6,2457.6,48000.0,72000.0,72.0,3333.3333333333335,0.0,24,"0,1,2,3,4,5,6,7,8,9,10,11,12,13,14,15,16,17,18,19,20,21,22,23",0:00-1:00;1:00-2:00;2:00-3:00;3:00-4:00;4:00-5:00;5:00-6:00;6:00-7:00;7:00-8:00;8:00-9:00;9:00-10:00;10:00-11:00;11:00-12:00;12:00-13:00;13:00-14:00;14:00-15:00;15:00-16:00;16:00-17:00;17:00-18:00;18:00-19:00;19:00-20:00;20:00-21:00;21:00-22:00;22:00-23:00;23:00-24:00,1.0,1.0,1.0,1.0,1.0,72.0,0,2,部分满足,1056.7199999999998,169.94400000000002,886.776,0.0,169.94400000000002,1.0,0.16082216670451968,0.0,True,False,True
W2_PV4,风电场景2,光伏场景4,63.0,556099.1247333332,8826.970233862432,422825.5913999999,22419.6,2457.6,41999.99999999999,62999.999999999985,62.99999999999999,3333.3333333333335,0.0,24,"0,1,2,3,4,5,6,7,8,9,10,11,12,13,14,15,16,17,18,19,20,21,22,23",0:00-1:00;1:00-2:00;2:00-3:00;3:00-4:00;4:00-5:00;5:00-6:00;6:00-7:00;7:00-8:00;8:00-9:00;9:00-10:00;10:00-11:00;11:00-12:00;12:00-13:00;13:00-14:00;14:00-15:00;15:00-16:00;16:00-17:00;17:00-18:00;18:00-19:00;19:00-20:00;20:00-21:00;21:00-22:00;22:00-23:00;23:00-24:00,0.8749999999999999,0.8749999999999999,0.1,1.0,0.8749999999999999,62.99999999999999,0,2,部分满足,932.2199999999998,169.94400000000002,762.2759999999998,0.0,169.94400000000002,1.0,0.1823003153761988,0.0,True,False,True
W2_PV4,风电场景2,光伏场景4,54.0,441191.32473333325,8170.209717283949,322926.7914,22419.6,2457.6,36000.0,53999.99999999999,53.99999999999999,3333.3333333333335,0.0,24,"0,1,2,3,4,5,6,7,8,9,10,11,12,13,14,15,16,17,18,19,20,21,22,23",0:00-1:00;1:00-2:00;2:00-3:00;3:00-4:00;4:00-5:00;5:00-6:00;6:00-7:00;7:00-8:00;8:00-9:00;9:00-10:00;10:00-11:00;11:00-12:00;12:00-13:00;13:00-14:00;14:00-15:00;15:00-16:00;16:00-17:00;17:00-18:00;18:00-19:00;19:00-20:00;20:00-21:00;21:00-22:00;22:00-23:00;23:00-24:00,0.7499999999999999,0.7499999999999999,0.09999999999999999,1.0,0.7499999999999999,53.99999999999999,0,2,部分满足,807.7199999999998,169.94400000000002,637.7759999999998,0.0,169.94400000000002,1.0,0.2103996434407964,0.0,True,False,True
W2_PV4,风电场景2,光伏场景4,45.0,342812.8398333331,7618.063107407403,240825.46331999992,22419.6,2457.6,29999.99999999995,44999.99999999993,44.999999999999915,3333.3333333333335,1268.1568199999954,21,"0,1,2,3,4,5,6,7,8,9,12,13,14,15,16,17,18,19,21,22,23",0:00-1:00;1:00-2:00;2:00-3:00;3:00-4:00;4:00-5:00;5:00-6:00;6:00-7:00;7:00-8:00;8:00-9:00;9:00-10:00;12:00-13:00;13:00-14:00;14:00-15:00;15:00-16:00;16:00-17:00;17:00-18:00;18:00-19:00;19:00-20:00;21:00-22:00;22:00-23:00;23:00-24:00,0.6249999999999989,0.714285714285713,0.09999999999999991,1.0,0.6249999999999989,44.999999999999915,0,2,部分满足,683.2199999999989,169.94400000000002,516.6317999999999,3.355799999999988,166.58820000000003,0.9802534952690298,0.24382804953016643,0.01974650473097013,True,False,True
W2_PV4,风电场景2,光伏场景4,36.0,252182.53983333329,7005.070550925924,165204.16332,22419.6,2457.6,24000.0,35999.99999999999,35.99999999999999,3333.3333333333335,1268.1568199999954,20,"0,1,2,3,4,5,6,7,8,9,12,13,14,15,16,17,18,19,22,23",0:00-1:00;1:00-2:00;2:00-3:00;3:00-4:00;4:00-5:00;5:00-6:00;6:00-7:00;7:00-8:00;8:00-9:00;9:00-10:00;12:00-13:00;13:00-14:00;14:00-15:00;15:00-16:00;16:00-17:00;17:00-18:00;18:00-19:00;19:00-20:00;22:00-23:00;23:00-24:00,0.5,0.5999999999999999,0.09999999999999999,1.0,0.5,35.99999999999999,0,2,部分满足,558.7199999999999,169.94400000000002,392.13179999999994,3.355799999999988,166.58820000000003,0.9802534952690298,0.29816043814433,0.01974650473097013,True,False,True
W3_PV1,风电场景3,光伏场景1,72.0,380373.69523333333,5282.967989351851,202880.10468,40710.0,61132.799999999996,48000.0,72000.0,72.0,3333.3333333333335,47754.542779999996,24,"0,1,2,3,4,5,6,7,8,9,10,11,12,13,14,15,16,17,18,19,20,21,22,23",0:00-1:00;1:00-2:00;2:00-3:00;3:00-4:00;4:00-5:00;5:00-6:00;6:00-7:00;7:00-8:00;8:00-9:00;9:00-10:00;10:00-11:00;11:00-12:00;12:00-13:00;13:00-14:00;14:00-15:00;15:00-16:00;16:00-17:00;17:00-18:00;18:00-19:00;19:00-20:00;20:00-21:00;21:00-22:00;22:00-23:00;23:00-24:00,1.0,1.0,1.0,1.0,1.0,72.0,0,3,全满足,1056.7199999999998,780.8399999999999,402.2482,126.36819999999997,654.4717999999999,0.8381637723477281,0.6193426830191536,0.1618362276522719,True,True,True
W3_PV1,风电场景3,光伏场景1,63.0,272007.40423333325,4317.5778449735435,109522.81367999996,40710.0,61132.799999999996,42000.0,63000.0,62.99999999999999,3333.3333333333335,47754.54278,24,"0,1,2,3,4,5,6,7,8,9,10,11,12,13,14,15,16,17,18,19,20,21,22,23",0:00-1:00;1:00-2:00;2:00-3:00;3:00-4:00;4:00-5:00;5:00-6:00;6:00-7:00;7:00-8:00;8:00-9:00;9:00-10:00;10:00-11:00;11:00-12:00;12:00-13:00;13:00-14:00;14:00-15:00;15:00-16:00;16:00-17:00;17:00-18:00;18:00-19:00;19:00-20:00;20:00-21:00;21:00-22:00;22:00-23:00;23:00-24:00,0.8749999999999999,0.8749999999999999,0.12934939759036146,1.0,0.8749999999999999,62.99999999999999,0,3,全满足,932.2199999999999,780.8399999999999,277.74819999999994,126.36819999999997,654.4717999999999,0.8381637723477281,0.7020572397073652,0.1618362276522719,True,True,True
W3_PV1,风电场景3,光伏场景1,54.0,197460.00523333333,3656.666763580247,76466.89087999998,40710.0,61132.799999999996,36000.0,54000.0,54.0,3333.3333333333335,74237.01898,19,"0,1,2,3,4,5,6,7,8,9,10,11,12,13,14,15,16,19,23",0:00-1:00;1:00-2:00;2:00-3:00;3:00-4:00;4:00-5:00;5:00-6:00;6:00-7:00;7:00-8:00;8:00-9:00;9:00-10:00;10:00-11:00;11:00-12:00;12:00-13:00;13:00-14:00;14:00-15:00;15:00-16:00;16:00-17:00;19:00-20:00;23:00-24:00,0.75,0.9473684210526315,0.17147469879518074,1.0,0.75,54.0,0,2,部分满足,807.72,780.8399999999999,223.32619999999997,196.44619999999998,584.3937999999999,0.7484168331540393,0.7235103748823849,0.25158316684596077,True,True,False
W3_PV1,风电场景3,光伏场景1,45.0,135402.4552333333,3008.943449629629,76466.89087999998,40710.0,61132.799999999996,30000.0,45000.0,45.0,3333.3333333333335,121285.56897999998,15,"0,1,2,3,4,5,6,8,10,11,12,13,15,16,23",0:00-1:00;1:00-2:00;2:00-3:00;3:00-4:00;4:00-5:00;5:00-6:00;6:00-7:00;8:00-9:00;10:00-11:00;11:00-12:00;12:00-13:00;13:00-14:00;15:00-16:00;16:00-17:00;23:00-24:00,0.625,0.9999999999999999,0.9999999999999998,1.0,0.625,45.0,0,1,部分满足,683.2199999999999,780.8399999999999,223.32619999999997,320.9462,459.89379999999994,0.5889731571128528,0.6731269576417552,0.4110268428871472,False,True,False
W3_PV1,风电场景3,光伏场景1,36.0,73344.90523333331,2037.358478703703,76466.89087999998,40710.0,61132.799999999996,24000.0,36000.0,36.0,3333.3333333333335,168334.11898,12,"0,1,2,3,4,5,6,11,13,15,16,23",0:00-1:00;1:00-2:00;2:00-3:00;3:00-4:00;4:00-5:00;5:00-6:00;6:00-7:00;11:00-12:00;13:00-14:00;15:00-16:00;16:00-17:00;23:00-24:00,0.5,0.9999999999999999,0.9999999999999998,1.0,0.5,36.0,0,1,部分满足,558.7199999999999,780.8399999999999,223.32619999999997,445.4461999999999,335.3938,0.42952948107166644,0.6002895904925545,0.5704705189283336,False,True,False
W3_PV2,风电场景3,光伏场景2,72.0,479869.57513333333,6664.855210185186,287056.84836,40710.0,30105.6,48000.0,72000.0,72.0,3333.3333333333335,1408.2065600000021,24,"0,1,2,3,4,5,6,7,8,9,10,11,12,13,14,15,16,17,18,19,20,21,22,23",0:00-1:00;1:00-2:00;2:00-3:00;3:00-4:00;4:00-5:00;5:00-6:00;6:00-7:00;7:00-8:00;8:00-9:00;9:00-10:00;10:00-11:00;11:00-12:00;12:00-13:00;13:00-14:00;14:00-15:00;15:00-16:00;16:00-17:00;17:00-18:00;18:00-19:00;19:00-20:00;20:00-21:00;21:00-22:00;22:00-23:00;23:00-24:00,1.0,1.0,1.0,1.0,1.0,72.0,0,3,全满足,1056.7199999999998,522.28,538.1664,3.7264000000000053,518.5536,0.9928651298154246,0.4907199636611402,0.007134870184575334,True,True,True
W3_PV2,风电场景3,光伏场景2,63.0,366152.05513333326,5811.937383068782,188348.32835999998,40710.0,30105.6,42000.0,63000.0,62.99999999999999,3333.3333333333335,1408.2065600000021,24,"0,1,2,3,4,5,6,7,8,9,10,11,12,13,14,15,16,17,18,19,20,21,22,23",0:00-1:00;1:00-2:00;2:00-3:00;3:00-4:00;4:00-5:00;5:00-6:00;6:00-7:00;7:00-8:00;8:00-9:00;9:00-10:00;10:00-11:00;11:00-12:00;12:00-13:00;13:00-14:00;14:00-15:00;15:00-16:00;16:00-17:00;17:00-18:00;18:00-19:00;19:00-20:00;20:00-21:00;21:00-22:00;22:00-23:00;23:00-24:00,0.875,0.875,0.12934939759036146,1.0,0.875,62.99999999999999,0,3,全满足,932.22,522.28,413.66639999999995,3.7264000000000053,518.5536,0.9928651298154246,0.5562566776082898,0.007134870184575334,True,True,True
W3_PV2,风电场景3,光伏场景2,54.0,275521.7551333331,5102.254724691354,112727.02835999985,40710.0,30105.6,35999.999999999985,53999.999999999985,53.999999999999986,3333.3333333333335,1408.2065600000021,24,"0,1,2,3,4,5,6,7,8,9,10,11,12,13,14,15,16,17,18,19,20,21,22,23",0:00-1:00;1:00-2:00;2:00-3:00;3:00-4:00;4:00-5:00;5:00-6:00;6:00-7:00;7:00-8:00;8:00-9:00;9:00-10:00;10:00-11:00;11:00-12:00;12:00-13:00;13:00-14:00;14:00-15:00;15:00-16:00;16:00-17:00;17:00-18:00;18:00-19:00;19:00-20:00;20:00-21:00;21:00-22:00;22:00-23:00;23:00-24:00,0.7499999999999999,0.7499999999999999,0.11136867469879519,1.0,0.7499999999999999,53.999999999999986,0,3,全满足,807.7199999999998,522.28,289.1663999999997,3.7264000000000053,518.5536,0.9928651298154246,0.641996731540633,0.007134870184575334,True,True,True
W3_PV2,风电场景3,光伏场景2,45.0,201585.2392333333,4479.671982962962,81287.88287999998,40710.0,30105.6,29999.999999999993,44999.999999999985,44.999999999999986,3333.3333333333335,28896.576980000016,20,"0,1,2,3,4,5,6,7,8,9,10,11,12,14,15,16,17,19,22,23",0:00-1:00;1:00-2:00;2:00-3:00;3:00-4:00;4:00-5:00;5:00-6:00;6:00-7:00;7:00-8:00;8:00-9:00;9:00-10:00;10:00-11:00;11:00-12:00;12:00-13:00;14:00-15:00;15:00-16:00;16:00-17:00;17:00-18:00;19:00-20:00;22:00-23:00;23:00-24:00,0.6249999999999999,0.7499999999999997,0.11787951807228915,1.0,0.6249999999999999,44.999999999999986,0,3,全满足,683.2199999999998,522.28,237.40619999999996,76.46620000000004,445.8137999999999,0.8535915600827141,0.6525186616316853,0.14640843991728583,True,True,True
W3_PV2,风电场景3,光伏场景2,36.0,139527.6892333333,3875.7691453703696,81287.88287999998,40710.0,30105.6,23999.999999999996,36000.0,36.0,3333.3333333333335,75945.12698,14,"0,1,2,3,4,5,6,9,10,13,15,16,17,23",0:00-1:00;1:00-2:00;2:00-3:00;3:00-4:00;4:00-5:00;5:00-6:00;6:00-7:00;9:00-10:00;10:00-11:00;13:00-14:00;15:00-16:00;16:00-17:00;17:00-18:00;23:00-24:00,0.49999999999999994,0.8571428571428569,0.2540289156626497,1.0,0.49999999999999994,36.0,0,2,部分满足,558.7199999999999,522.28,237.40619999999996,200.96620000000001,321.31379999999996,0.6152136784866354,0.5750891323024055,0.3847863215133645,True,True,False
W3_PV3,风电场景3,光伏场景3,72.0,579421.5423333334,8047.521421296297,405091.809,40710.0,10214.4,48000.0,72000.0,72.0,3333.3333333333335,0.0,24,"0,1,2,3,4,5,6,7,8,9,10,11,12,13,14,15,16,17,18,19,20,21,22,23",0:00-1:00;1:00-2:00;2:00-3:00;3:00-4:00;4:00-5:00;5:00-6:00;6:00-7:00;7:00-8:00;8:00-9:00;9:00-10:00;10:00-11:00;11:00-12:00;12:00-13:00;13:00-14:00;14:00-15:00;15:00-16:00;16:00-17:00;17:00-18:00;18:00-19:00;19:00-20:00;20:00-21:00;21:00-22:00;22:00-23:00;23:00-24:00,1.0,1.0,1.0,1.0,1.0,72.0,0,3,全满足,1056.7199999999998,356.52000000000004,700.1999999999999,0.0,356.52000000000004,1.0,0.33738360208948454,0.0,True,True,True
W3_PV3,风电场景3,光伏场景3,63.0,464513.7423333333,7373.234005291005,305193.00899999996,40710.0,10214.4,42000.0,63000.0,62.999999999999986,3333.3333333333335,0.0,24,"0,1,2,3,4,5,6,7,8,9,10,11,12,13,14,15,16,17,18,19,20,21,22,23",0:00-1:00;1:00-2:00;2:00-3:00;3:00-4:00;4:00-5:00;5:00-6:00;6:00-7:00;7:00-8:00;8:00-9:00;9:00-10:00;10:00-11:00;11:00-12:00;12:00-13:00;13:00-14:00;14:00-15:00;15:00-16:00;16:00-17:00;17:00-18:00;18:00-19:00;19:00-20:00;20:00-21:00;21:00-22:00;22:00-23:00;23:00-24:00,0.8749999999999999,0.8749999999999999,0.12934939759036146,1.0,0.8749999999999999,62.999999999999986,0,3,全满足,932.22,356.52000000000004,575.6999999999999,0.0,356.52000000000004,1.0,0.3824419128531892,0.0,True,True,True
W3_PV3,风电场景3,光伏场景3,54.0,355457.9703333332,6582.555006172836,211146.23699999988,40710.0,10214.4,35999.999999999985,53999.99999999998,53.99999999999998,3333.3333333333335,0.0,24,"0,1,2,3,4,5,6,7,8,9,10,11,12,13,14,15,16,17,18,19,20,21,22,23",0:00-1:00;1:00-2:00;2:00-3:00;3:00-4:00;4:00-5:00;5:00-6:00;6:00-7:00;7:00-8:00;8:00-9:00;9:00-10:00;10:00-11:00;11:00-12:00;12:00-13:00;13:00-14:00;14:00-15:00;15:00-16:00;16:00-17:00;17:00-18:00;18:00-19:00;19:00-20:00;20:00-21:00;21:00-22:00;22:00-23:00;23:00-24:00,0.7499999999999999,0.7499999999999999,0.12934939759036146,0.9999999999999999,0.7499999999999999,53.99999999999998,0,3,全满足,807.7199999999998,356.52000000000004,451.19999999999976,0.0,356.52000000000004,1.0,0.4413905808943695,0.0,True,True,True
W3_PV3,风电场景3,光伏场景3,45.0,264827.6703333332,5885.059340740738,135524.93699999986,40710.0,10214.4,29999.999999999993,44999.999999999985,44.99999999999998,3333.3333333333335,0.0,24,"0,1,2,3,4,5,6,7,8,9,10,11,12,13,14,15,16,17,18,19,20,21,22,23",0:00-1:00;1:00-2:00;2:00-3:00;3:00-4:00;4:00-5:00;5:00-6:00;6:00-7:00;7:00-8:00;8:00-9:00;9:00-10:00;10:00-11:00;11:00-12:00;12:00-13:00;13:00-14:00;14:00-15:00;15:00-16:00;16:00-17:00;17:00-18:00;18:00-19:00;19:00-20:00;20:00-21:00;21:00-22:00;22:00-23:00;23:00-24:00,0.6249999999999997,0.6249999999999997,0.11136867469879519,1.0,0.6249999999999997,44.99999999999998,0,3,全满足,683.2199999999998,356.52000000000004,326.69999999999976,0.0,356.52000000000004,1.0,0.5218231316413456,0.0,True,True,True
W3_PV3,风电场景3,光伏场景3,36.0,182277.19323333327,5063.255367592591,81287.88287999999,40710.0,10214.4,23999.999999999993,35999.999999999985,35.999999999999986,3333.3333333333335,13304.422980000034,20,"0,1,2,3,4,5,6,7,8,9,10,11,12,13,14,16,17,18,22,23",0:00-1:00;1:00-2:00;2:00-3:00;3:00-4:00;4:00-5:00;5:00-6:00;6:00-7:00;7:00-8:00;8:00-9:00;9:00-10:00;10:00-11:00;11:00-12:00;12:00-13:00;13:00-14:00;14:00-15:00;16:00-17:00;17:00-18:00;18:00-19:00;22:00-23:00;23:00-24:00,0.49999999999999983,0.5999999999999999,0.11787951807228915,1.0,0.49999999999999983,35.999999999999986,0,3,全满足,558.7199999999999,356.52000000000004,237.40619999999996,35.20620000000009,321.31379999999996,0.9012504207337595,0.5750891323024055,0.09874957926624056,True,True,True
W3_PV4,风电场景3,光伏场景4,72.0,618914.2783333334,8596.03164351852,452341.345,40710.0,2457.6,48000.0,72000.0,72.0,3333.3333333333335,0.0,24,"0,1,2,3,4,5,6,7,8,9,10,11,12,13,14,15,16,17,18,19,20,21,22,23",0:00-1:00;1:00-2:00;2:00-3:00;3:00-4:00;4:00-5:00;5:00-6:00;6:00-7:00;7:00-8:00;8:00-9:00;9:00-10:00;10:00-11:00;11:00-12:00;12:00-13:00;13:00-14:00;14:00-15:00;15:00-16:00;16:00-17:00;17:00-18:00;18:00-19:00;19:00-20:00;20:00-21:00;21:00-22:00;22:00-23:00;23:00-24:00,1.0,1.0,1.0,1.0,1.0,72.0,0,2,部分满足,1056.7199999999998,291.88,764.8399999999999,0.0,291.88,1.0,0.2762131879778939,0.0,True,False,True
W3_PV4,风电场景3,光伏场景4,63.0,504006.47833333333,8000.102830687831,352442.54500000004,40710.0,2457.6,42000.0,63000.0,62.999999999999986,3333.3333333333335,0.0,24,"0,1,2,3,4,5,6,7,8,9,10,11,12,13,14,15,16,17,18,19,20,21,22,23",0:00-1:00;1:00-2:00;2:00-3:00;3:00-4:00;4:00-5:00;5:00-6:00;6:00-7:00;7:00-8:00;8:00-9:00;9:00-10:00;10:00-11:00;11:00-12:00;12:00-13:00;13:00-14:00;14:00-15:00;15:00-16:00;16:00-17:00;17:00-18:00;18:00-19:00;19:00-20:00;20:00-21:00;21:00-22:00;22:00-23:00;23:00-24:00,0.8749999999999999,0.8749999999999999,0.12934939759036146,1.0,0.8749999999999999,62.999999999999986,0,3,全满足,932.2199999999999,291.88,640.34,0.0,291.88,1.0,0.313102057454249,0.0,True,True,True
W3_PV4,风电场景3,光伏场景4,54.0,389098.67833333317,7205.53108024691,252543.74499999988,40710.0,2457.6,36000.0,54000.0,53.99999999999999,3333.3333333333335,0.0,24,"0,1,2,3,4,5,6,7,8,9,10,11,12,13,14,15,16,17,18,19,20,21,22,23",0:00-1:00;1:00-2:00;2:00-3:00;3:00-4:00;4:00-5:00;5:00-6:00;6:00-7:00;7:00-8:00;8:00-9:00;9:00-10:00;10:00-11:00;11:00-12:00;12:00-13:00;13:00-14:00;14:00-15:00;15:00-16:00;16:00-17:00;17:00-18:00;18:00-19:00;19:00-20:00;20:00-21:00;21:00-22:00;22:00-23:00;23:00-24:00,0.75,0.75,0.12934939759036146,0.9999999999999999,0.75,53.99999999999999,0,3,全满足,807.72,291.88,515.8399999999998,0.0,291.88,1.0,0.3613628485118605,0.0,True,True,True
W3_PV4,风电场景3,光伏场景4,45.0,296333.2063333333,6585.182362962962,174787.273,40710.0,2457.6,29999.999999999993,45000.0,44.99999999999999,3333.3333333333335,0.0,24,"0,1,2,3,4,5,6,7,8,9,10,11,12,13,14,15,16,17,18,19,20,21,22,23",0:00-1:00;1:00-2:00;2:00-3:00;3:00-4:00;4:00-5:00;5:00-6:00;6:00-7:00;7:00-8:00;8:00-9:00;9:00-10:00;10:00-11:00;11:00-12:00;12:00-13:00;13:00-14:00;14:00-15:00;15:00-16:00;16:00-17:00;17:00-18:00;18:00-19:00;19:00-20:00;20:00-21:00;21:00-22:00;22:00-23:00;23:00-24:00,0.6249999999999999,0.6249999999999999,0.11286265060240966,1.0,0.6249999999999999,44.99999999999999,0,3,全满足,683.2199999999999,291.88,391.34,0.0,291.88,1.0,0.4272123181405697,0.0,True,True,True
W3_PV4,风电场景3,光伏场景4,36.0,205702.90633333332,5713.96962037037,99165.97299999997,40710.0,2457.6,24000.0,36000.0,36.0,3333.3333333333335,0.0,24,"0,1,2,3,4,5,6,7,8,9,10,11,12,13,14,15,16,17,18,19,20,21,22,23",0:00-1:00;1:00-2:00;2:00-3:00;3:00-4:00;4:00-5:00;5:00-6:00;6:00-7:00;7:00-8:00;8:00-9:00;9:00-10:00;10:00-11:00;11:00-12:00;12:00-13:00;13:00-14:00;14:00-15:00;15:00-16:00;16:00-17:00;17:00-18:00;18:00-19:00;19:00-20:00;20:00-21:00;21:00-22:00;22:00-23:00;23:00-24:00,0.5,0.5,0.11136867469879519,1.0,0.5,36.0,0,3,全满足,558.72,291.88,266.84,0.0,291.88,1.0,0.5224083619702176,0.0,True,True,True
W4_PV1,风电场景4,光伏场景1,72.0,355434.95873333333,4936.596649074074,181417.7228,55122.6,61132.799999999996,48000.0,72000.0,72.0,3333.3333333333335,65643.4974,24,"0,1,2,3,4,5,6,7,8,9,10,11,12,13,14,15,16,17,18,19,20,21,22,23",0:00-1:00;1:00-2:00;2:00-3:00;3:00-4:00;4:00-5:00;5:00-6:00;6:00-7:00;7:00-8:00;8:00-9:00;9:00-10:00;10:00-11:00;11:00-12:00;12:00-13:00;13:00-14:00;14:00-15:00;15:00-16:00;16:00-17:00;17:00-18:00;18:00-19:00;19:00-20:00;20:00-21:00;21:00-22:00;22:00-23:00;23:00-24:00,1.0,1.0,1.0,1.0,1.0,72.0,0,3,全满足,1056.7199999999998,876.924,353.50199999999995,173.706,703.218,0.8019144190374536,0.6654724051782877,0.19808558096254636,True,True,True
W4_PV1,风电场景4,光伏场景1,63.0,248031.1877333335,3937.0029798941823,89022.95180000013,55122.6,61132.799999999996,42000.000000000015,63000.000000000015,63.000000000000014,3333.3333333333335,65643.4974,24,"0,1,2,3,4,5,6,7,8,9,10,11,12,13,14,15,16,17,18,19,20,21,22,23",0:00-1:00;1:00-2:00;2:00-3:00;3:00-4:00;4:00-5:00;5:00-6:00;6:00-7:00;7:00-8:00;8:00-9:00;9:00-10:00;10:00-11:00;11:00-12:00;12:00-13:00;13:00-14:00;14:00-15:00;15:00-16:00;16:00-17:00;17:00-18:00;18:00-19:00;19:00-20:00;20:00-21:00;21:00-22:00;22:00-23:00;23:00-24:00,0.8750000000000001,0.8750000000000001,0.11065060240963852,1.0,0.8750000000000001,63.000000000000014,0,3,全满足,932.2200000000001,876.924,229.00200000000018,173.706,703.218,0.8019144190374536,0.7543476861685008,0.19808558096254636,True,True,True
W4_PV1,风电场景4,光伏场景1,54.0,176782.6676333334,3273.7531043209888,64697.918079999974,55122.6,61132.799999999996,36000.00000000001,54000.00000000001,54.0,3333.3333333333335,97557.98377999994,19,"0,1,2,3,4,5,6,8,9,10,11,12,13,14,15,16,17,20,23",0:00-1:00;1:00-2:00;2:00-3:00;3:00-4:00;4:00-5:00;5:00-6:00;6:00-7:00;8:00-9:00;9:00-10:00;10:00-11:00;11:00-12:00;12:00-13:00;13:00-14:00;14:00-15:00;15:00-16:00;16:00-17:00;17:00-18:00;20:00-21:00;23:00-24:00,0.75,0.9473684210526315,0.16742168674698796,1.0,0.75,54.0,0,2,部分满足,807.72,876.924,188.9541999999999,258.15819999999985,618.7658000000001,0.7056093800603018,0.7660647253998912,0.2943906199396982,True,True,False
W4_PV1,风电场景4,光伏场景1,45.0,114725.11763333339,2549.4470585185195,64697.918079999974,55122.6,61132.799999999996,30000.000000000007,45000.00000000001,45.0,3333.3333333333335,144606.53377999994,16,"0,1,2,3,4,5,6,9,10,11,12,13,15,16,20,23",0:00-1:00;1:00-2:00;2:00-3:00;3:00-4:00;4:00-5:00;5:00-6:00;6:00-7:00;9:00-10:00;10:00-11:00;11:00-12:00;12:00-13:00;13:00-14:00;15:00-16:00;16:00-17:00;20:00-21:00;23:00-24:00,0.6250000000000001,0.9375,0.16742168674698796,1.0,0.6250000000000001,45.0,0,1,部分满足,683.22,876.924,188.9541999999999,382.6581999999998,494.2658000000002,0.5636358452956016,0.7234357893504291,0.4363641547043983,False,True,False
W4_PV1,风电场景4,光伏场景1,36.0,52667.56763333336,1462.9879898148156,64697.918079999974,55122.6,61132.799999999996,24000.000000000004,36000.0,36.0,3333.3333333333335,191655.08377999993,13,"0,1,2,3,4,5,6,9,11,12,13,20,23",0:00-1:00;1:00-2:00;2:00-3:00;3:00-4:00;4:00-5:00;5:00-6:00;6:00-7:00;9:00-10:00;11:00-12:00;12:00-13:00;13:00-14:00;20:00-21:00;23:00-24:00,0.5,0.9230769230769231,0.16742168674698796,1.0,0.5,36.0,0,1,部分满足,558.72,876.924,188.9541999999999,507.15819999999985,369.7658000000001,0.42166231053090136,0.6618087772050403,0.5783376894690987,False,True,False
W4_PV2,风电场景4,光伏场景2,72.0,445238.33063333336,6183.865703240741,240285.61888,55122.6,30105.6,48000.0,72000.0,72.0,3333.3333333333335,3680.8215800000035,24,"0,1,2,3,4,5,6,7,8,9,10,11,12,13,14,15,16,17,18,19,20,21,22,23",0:00-1:00;1:00-2:00;2:00-3:00;3:00-4:00;4:00-5:00;5:00-6:00;6:00-7:00;7:00-8:00;8:00-9:00;9:00-10:00;10:00-11:00;11:00-12:00;12:00-13:00;13:00-14:00;14:00-15:00;15:00-16:00;16:00-17:00;17:00-18:00;18:00-19:00;19:00-20:00;20:00-21:00;21:00-22:00;22:00-23:00;23:00-24:00,1.0,1.0,1.0,1.0,1.0,72.0,0,3,全满足,1056.7199999999998,618.364,448.09619999999995,9.740200000000009,608.6238000000001,0.9842484361961564,0.5759555984555986,0.015751563803843703,True,True,True
W4_PV2,风电场景4,光伏场景2,63.0,332691.98063333344,5280.825089417991,142748.26888000013,55122.6,30105.6,42000.00000000001,63000.00000000001,63.00000000000001,3333.3333333333335,3680.8215800000035,24,"0,1,2,3,4,5,6,7,8,9,10,11,12,13,14,15,16,17,18,19,20,21,22,23",0:00-1:00;1:00-2:00;2:00-3:00;3:00-4:00;4:00-5:00;5:00-6:00;6:00-7:00;7:00-8:00;8:00-9:00;9:00-10:00;10:00-11:00;11:00-12:00;12:00-13:00;13:00-14:00;14:00-15:00;15:00-16:00;16:00-17:00;17:00-18:00;18:00-19:00;19:00-20:00;20:00-21:00;21:00-22:00;22:00-23:00;23:00-24:00,0.8750000000000001,0.8750000000000001,0.16742168674698796,1.0,0.8750000000000001,63.00000000000001,0,3,全满足,932.2200000000003,618.364,323.5962000000002,9.740200000000009,608.6238000000001,0.9842484361961564,0.652875716032696,0.015751563803843703,True,True,True
W4_PV2,风电场景4,光伏场景2,54.0,242965.45163333343,4499.360215432101,69518.91007999997,55122.6,30105.6,36000.00000000001,54000.000000000015,54.000000000000014,3333.3333333333335,5168.991779999907,23,"0,1,2,3,4,5,6,7,8,9,10,11,12,13,14,15,16,17,18,19,20,22,23",0:00-1:00;1:00-2:00;2:00-3:00;3:00-4:00;4:00-5:00;5:00-6:00;6:00-7:00;7:00-8:00;8:00-9:00;9:00-10:00;10:00-11:00;11:00-12:00;12:00-13:00;13:00-14:00;14:00-15:00;15:00-16:00;16:00-17:00;17:00-18:00;18:00-19:00;19:00-20:00;20:00-21:00;22:00-23:00;23:00-24:00,0.7500000000000001,0.7826086956521741,0.11065060240963852,1.0,0.7500000000000001,54.000000000000014,0,3,全满足,807.7200000000003,618.364,203.03419999999988,13.678199999999752,604.6858000000003,0.9778800188885516,0.7486329421086516,0.022119981111448517,True,True,True
W4_PV2,风电场景4,光伏场景2,45.0,180907.9016333334,4020.175591851853,69518.91007999997,55122.6,30105.6,30000.000000000007,45000.00000000001,45.0,3333.3333333333335,52217.541779999934,16,"0,1,2,3,4,5,6,9,10,11,12,13,14,15,16,23",0:00-1:00;1:00-2:00;2:00-3:00;3:00-4:00;4:00-5:00;5:00-6:00;6:00-7:00;9:00-10:00;10:00-11:00;11:00-12:00;12:00-13:00;13:00-14:00;14:00-15:00;15:00-16:00;16:00-17:00;23:00-24:00,0.625,0.9375,0.6492096385542202,1.0,0.625,45.0,0,2,部分满足,683.22,618.364,203.03419999999988,138.17819999999983,480.1858000000002,0.776542295476451,0.7028274933403591,0.22345770452354896,True,True,False
W4_PV2,风电场景4,光伏场景2,36.0,118850.3516333333,3301.3986564814804,69518.91007999997,55122.6,30105.6,24000.0,36000.0,35.999999999999986,3333.3333333333335,99266.09177999999,12,"0,1,2,3,4,5,6,12,13,14,15,23",0:00-1:00;1:00-2:00;2:00-3:00;3:00-4:00;4:00-5:00;5:00-6:00;6:00-7:00;12:00-13:00;13:00-14:00;14:00-15:00;15:00-16:00;23:00-24:00,0.49999999999999983,0.9999999999999999,0.9999999999999996,1.0,0.49999999999999983,35.999999999999986,0,1,部分满足,558.7199999999999,618.364,203.03419999999988,262.67819999999995,355.6858000000001,0.5752045720643506,0.6366083190148915,0.42479542793564945,False,True,False
W4_PV3,风电场景4,光伏场景3,72.0,542615.7007333334,7536.329176851852,353873.3674,55122.6,10214.4,48000.0,72000.0,72.0,3333.3333333333335,0.0,24,"0,1,2,3,4,5,6,7,8,9,10,11,12,13,14,15,16,17,18,19,20,21,22,23",0:00-1:00;1:00-2:00;2:00-3:00;3:00-4:00;4:00-5:00;5:00-6:00;6:00-7:00;7:00-8:00;8:00-9:00;9:00-10:00;10:00-11:00;11:00-12:00;12:00-13:00;13:00-14:00;14:00-15:00;15:00-16:00;16:00-17:00;17:00-18:00;18:00-19:00;19:00-20:00;20:00-21:00;21:00-22:00;22:00-23:00;23:00-24:00,1.0,1.0,1.0,1.0,1.0,72.0,0,3,全满足,1056.7199999999998,452.60400000000004,604.116,0.0,452.60400000000004,1.0,0.42831024301612547,0.0,True,True,True
W4_PV3,风电场景4,光伏场景3,63.0,427707.90073333326,6789.014297354496,253974.56739999997,55122.6,10214.4,42000.0,62999.999999999985,62.999999999999986,3333.3333333333335,0.0,24,"0,1,2,3,4,5,6,7,8,9,10,11,12,13,14,15,16,17,18,19,20,21,22,23",0:00-1:00;1:00-2:00;2:00-3:00;3:00-4:00;4:00-5:00;5:00-6:00;6:00-7:00;7:00-8:00;8:00-9:00;9:00-10:00;10:00-11:00;11:00-12:00;12:00-13:00;13:00-14:00;14:00-15:00;15:00-16:00;16:00-17:00;17:00-18:00;18:00-19:00;19:00-20:00;20:00-21:00;21:00-22:00;22:00-23:00;23:00-24:00,0.875,0.875,0.16742168674698796,0.9999999999999999,0.875,62.999999999999986,0,3,全满足,932.2199999999999,452.60400000000004,479.6159999999999,0.0,452.60400000000004,1.0,0.4855120036042995,0.0,True,True,True
W4_PV3,风电场景4,光伏场景3,54.0,320617.7287333331,5937.365346913576,161893.39539999986,55122.6,10214.4,35999.99999999999,53999.99999999998,53.99999999999998,3333.3333333333335,0.0,24,"0,1,2,3,4,5,6,7,8,9,10,11,12,13,14,15,16,17,18,19,20,21,22,23",0:00-1:00;1:00-2:00;2:00-3:00;3:00-4:00;4:00-5:00;5:00-6:00;6:00-7:00;7:00-8:00;8:00-9:00;9:00-10:00;10:00-11:00;11:00-12:00;12:00-13:00;13:00-14:00;14:00-15:00;15:00-16:00;16:00-17:00;17:00-18:00;18:00-19:00;19:00-20:00;20:00-21:00;21:00-22:00;22:00-23:00;23:00-24:00,0.7499999999999997,0.7499999999999997,0.16742168674698796,0.9999999999999999,0.7499999999999997,53.99999999999997,0,3,全满足,807.7199999999998,452.60400000000004,355.1159999999997,0.0,452.60400000000004,1.0,0.5603476452235925,0.0,True,True,True
W4_PV3,风电场景4,光伏场景3,45.0,229987.42873333333,5110.8317496296295,86272.09539999999,55122.6,10214.4,30000.0,44999.99999999999,44.99999999999999,3333.3333333333335,0.0,24,"0,1,2,3,4,5,6,7,8,9,10,11,12,13,14,15,16,17,18,19,20,21,22,23",0:00-1:00;1:00-2:00;2:00-3:00;3:00-4:00;4:00-5:00;5:00-6:00;6:00-7:00;7:00-8:00;8:00-9:00;9:00-10:00;10:00-11:00;11:00-12:00;12:00-13:00;13:00-14:00;14:00-15:00;15:00-16:00;16:00-17:00;17:00-18:00;18:00-19:00;19:00-20:00;20:00-21:00;21:00-22:00;22:00-23:00;23:00-24:00,0.625,0.625,0.11065060240963852,0.9999999999999998,0.625,44.99999999999999,0,3,全满足,683.22,452.60400000000004,230.61599999999999,0.0,452.60400000000004,1.0,0.662457188021428,0.0,True,True,True
W4_PV3,风电场景4,光伏场景3,36.0,161599.8556333333,4488.884878703702,69518.91007999997,55122.6,10214.4,23999.999999999996,35999.99999999999,35.99999999999999,3333.3333333333335,36625.387779999975,17,"0,1,2,3,4,5,6,7,8,9,11,12,13,17,18,20,23",0:00-1:00;1:00-2:00;2:00-3:00;3:00-4:00;4:00-5:00;5:00-6:00;6:00-7:00;7:00-8:00;8:00-9:00;9:00-10:00;11:00-12:00;12:00-13:00;13:00-14:00;17:00-18:00;18:00-19:00;20:00-21:00;23:00-24:00,0.5,0.7058823529411765,0.16742168674698796,0.9999999999999998,0.5,35.99999999999999,0,2,部分满足,558.7199999999999,452.60400000000004,203.03419999999988,96.91819999999994,355.6858000000001,0.7858653480746968,0.6366083190148915,0.2141346519253032,True,True,False
W4_PV4,风电场景4,光伏场景4,72.0,582108.4367333334,8084.839399074075,401122.90340000007,55122.6,2457.6,48000.0,72000.0,72.0,3333.3333333333335,0.0,24,"0,1,2,3,4,5,6,7,8,9,10,11,12,13,14,15,16,17,18,19,20,21,22,23",0:00-1:00;1:00-2:00;2:00-3:00;3:00-4:00;4:00-5:00;5:00-6:00;6:00-7:00;7:00-8:00;8:00-9:00;9:00-10:00;10:00-11:00;11:00-12:00;12:00-13:00;13:00-14:00;14:00-15:00;15:00-16:00;16:00-17:00;17:00-18:00;18:00-19:00;19:00-20:00;20:00-21:00;21:00-22:00;22:00-23:00;23:00-24:00,1.0,1.0,1.0,1.0,1.0,72.0,0,3,全满足,1056.7199999999998,387.964,668.7560000000001,0.0,387.964,1.0,0.36713982890453484,0.0,True,True,True
W4_PV4,风电场景4,光伏场景4,63.0,467200.6367333333,7415.883122751322,301224.10339999996,55122.6,2457.6,42000.0,62999.999999999985,62.999999999999986,3333.3333333333335,0.0,24,"0,1,2,3,4,5,6,7,8,9,10,11,12,13,14,15,16,17,18,19,20,21,22,23",0:00-1:00;1:00-2:00;2:00-3:00;3:00-4:00;4:00-5:00;5:00-6:00;6:00-7:00;7:00-8:00;8:00-9:00;9:00-10:00;10:00-11:00;11:00-12:00;12:00-13:00;13:00-14:00;14:00-15:00;15:00-16:00;16:00-17:00;17:00-18:00;18:00-19:00;19:00-20:00;20:00-21:00;21:00-22:00;22:00-23:00;23:00-24:00,0.8749999999999999,0.8749999999999999,0.12125301204819278,1.0,0.8749999999999999,62.999999999999986,0,3,全满足,932.2199999999998,387.964,544.2559999999999,0.0,387.964,1.0,0.41617214820535936,0.0,True,True,True
W4_PV4,风电场景4,光伏场景4,54.0,352292.8367333333,6523.941420987654,201325.30339999998,55122.6,2457.6,36000.0,53999.99999999999,53.999999999999986,3333.3333333333335,0.0,24,"0,1,2,3,4,5,6,7,8,9,10,11,12,13,14,15,16,17,18,19,20,21,22,23",0:00-1:00;1:00-2:00;2:00-3:00;3:00-4:00;4:00-5:00;5:00-6:00;6:00-7:00;7:00-8:00;8:00-9:00;9:00-10:00;10:00-11:00;11:00-12:00;12:00-13:00;13:00-14:00;14:00-15:00;15:00-16:00;16:00-17:00;17:00-18:00;18:00-19:00;19:00-20:00;20:00-21:00;21:00-22:00;22:00-23:00;23:00-24:00,0.7499999999999999,0.7499999999999999,0.117489156626506,0.9999999999999999,0.7499999999999999,53.999999999999986,0,3,全满足,807.7199999999998,387.964,419.75599999999986,0.0,387.964,1.0,0.48031991284108366,0.0,True,True,True
W4_PV4,风电场景4,光伏场景4,45.0,261492.96473333339,5810.954771851853,125534.43140000003,55122.6,2457.6,30000.0,45000.0,45.0,3333.3333333333335,0.0,24,"0,1,2,3,4,5,6,7,8,9,10,11,12,13,14,15,16,17,18,19,20,21,22,23",0:00-1:00;1:00-2:00;2:00-3:00;3:00-4:00;4:00-5:00;5:00-6:00;6:00-7:00;7:00-8:00;8:00-9:00;9:00-10:00;10:00-11:00;11:00-12:00;12:00-13:00;13:00-14:00;14:00-15:00;15:00-16:00;16:00-17:00;17:00-18:00;18:00-19:00;19:00-20:00;20:00-21:00;21:00-22:00;22:00-23:00;23:00-24:00,0.625,0.625,0.117489156626506,0.9999999999999999,0.625,45.0,0,3,全满足,683.22,387.964,295.25600000000003,0.0,387.964,1.0,0.5678463745206522,0.0,True,True,True
W4_PV4,风电场景4,光伏场景4,36.0,178270.5116333333,4951.958656481481,69518.91007999997,55122.6,2457.6,24000.0,36000.0,35.99999999999999,3333.3333333333335,12197.931779999984,20,"0,1,2,3,4,5,6,7,8,9,11,12,13,14,15,17,18,20,22,23",0:00-1:00;1:00-2:00;2:00-3:00;3:00-4:00;4:00-5:00;5:00-6:00;6:00-7:00;7:00-8:00;8:00-9:00;9:00-10:00;11:00-12:00;12:00-13:00;13:00-14:00;14:00-15:00;15:00-16:00;17:00-18:00;18:00-19:00;20:00-21:00;22:00-23:00;23:00-24:00,0.49999999999999994,0.5999999999999999,0.11065060240963852,0.9999999999999998,0.49999999999999994,35.99999999999999,0,3,全满足,558.72,387.964,203.03419999999988,32.278199999999956,355.68580000000003,0.9168010433957791,0.6366083190148912,0.0831989566042209,True,True,True
W5_PV1,风电场景5,光伏场景1,72.0,372875.5652333333,5178.827294907407,201792.07507999998,46497.0,61132.799999999996,48000.0,72000.0,72.0,3333.3333333333335,59951.64318,24,"0,1,2,3,4,5,6,7,8,9,10,11,12,13,14,15,16,17,18,19,20,21,22,23",0:00-1:00;1:00-2:00;2:00-3:00;3:00-4:00;4:00-5:00;5:00-6:00;6:00-7:00;7:00-8:00;8:00-9:00;9:00-10:00;10:00-11:00;11:00-12:00;12:00-13:00;13:00-14:00;14:00-15:00;15:00-16:00;16:00-17:00;17:00-18:00;18:00-19:00;19:00-20:00;20:00-21:00;21:00-22:00;22:00-23:00;23:00-24:00,1.0,1.0,1.0,1.0,1.0,72.0,0,3,全满足,1056.7199999999998,819.4200000000001,395.9442,158.64419999999998,660.7758000000001,0.8063945229552612,0.625308312514195,0.19360547704473893,True,True,True
W5_PV1,风电场景5,光伏场景1,63.0,264570.89423333347,4199.538003703706,108496.40408000012,46497.0,61132.799999999996,42000.000000000015,63000.000000000015,63.000000000000014,3333.3333333333335,59951.64318,24,"0,1,2,3,4,5,6,7,8,9,10,11,12,13,14,15,16,17,18,19,20,21,22,23",0:00-1:00;1:00-2:00;2:00-3:00;3:00-4:00;4:00-5:00;5:00-6:00;6:00-7:00;7:00-8:00;8:00-9:00;9:00-10:00;10:00-11:00;11:00-12:00;12:00-13:00;13:00-14:00;14:00-15:00;15:00-16:00;16:00-17:00;17:00-18:00;18:00-19:00;19:00-20:00;20:00-21:00;21:00-22:00;22:00-23:00;23:00-24:00,0.8750000000000001,0.8750000000000001,0.19334939759036146,1.0,0.8750000000000001,63.000000000000014,0,3,全满足,932.2200000000003,819.4200000000001,271.44420000000014,158.64419999999998,660.7758000000001,0.8063945229552612,0.7088195919418162,0.19360547704473893,True,True,True
W5_PV1,风电场景5,光伏场景1,54.0,189043.07123333332,3500.7976154320986,72845.66847999998,46497.0,61132.799999999996,36000.0,54000.0,54.0,3333.3333333333335,84819.73058,19,"0,1,2,3,4,5,6,7,8,9,10,11,12,13,14,15,16,17,23",0:00-1:00;1:00-2:00;2:00-3:00;3:00-4:00;4:00-5:00;5:00-6:00;6:00-7:00;7:00-8:00;8:00-9:00;9:00-10:00;10:00-11:00;11:00-12:00;12:00-13:00;13:00-14:00;14:00-15:00;15:00-16:00;16:00-17:00;17:00-18:00;23:00-24:00,0.75,0.9473684210526315,0.287898795180723,1.0,0.75,54.0,0,2,部分满足,807.72,819.4200000000001,212.75019999999995,224.45019999999997,594.9698000000001,0.7260865002074638,0.7366040211954639,0.2739134997925361,True,True,False
W5_PV1,风电场景5,光伏场景1,45.0,126985.52123333332,2821.9004718518513,72845.66847999998,46497.0,61132.799999999996,30000.0,45000.0,45.0,3333.3333333333335,131868.28058,15,"0,1,2,3,4,5,6,8,10,11,12,13,15,16,23",0:00-1:00;1:00-2:00;2:00-3:00;3:00-4:00;4:00-5:00;5:00-6:00;6:00-7:00;8:00-9:00;10:00-11:00;11:00-12:00;12:00-13:00;13:00-14:00;15:00-16:00;16:00-17:00;23:00-24:00,0.625,0.9999999999999999,0.9999999999999998,1.0,0.625,45.0,0,1,部分满足,683.2199999999999,819.4200000000001,212.75019999999995,348.95019999999994,470.46980000000013,0.5741497644675503,0.6886065981675012,0.42585023553244966,False,True,False
W5_PV1,风电场景5,光伏场景1,36.0,64927.97123333333,1803.5547564814815,72845.66847999998,46497.0,61132.799999999996,24000.0,36000.0,36.0,3333.3333333333335,178916.83057999998,12,"0,1,2,3,4,5,6,11,13,15,16,23",0:00-1:00;1:00-2:00;2:00-3:00;3:00-4:00;4:00-5:00;5:00-6:00;6:00-7:00;11:00-12:00;13:00-14:00;15:00-16:00;16:00-17:00;23:00-24:00,0.5,0.9999999999999999,0.9999999999999998,1.0,0.5,36.0,0,1,部分满足,558.7199999999999,819.4200000000001,212.75019999999995,473.4502,345.9698000000001,0.42221302872763666,0.6192185710194733,0.5777869712723633,False,True,False
W5_PV2,风电场景5,光伏场景2,72.0,464500.6811333333,6451.398349074074,268215.21396,46497.0,30105.6,48000.0,72000.0,72.0,3333.3333333333335,3722.4661600000027,24,"0,1,2,3,4,5,6,7,8,9,10,11,12,13,14,15,16,17,18,19,20,21,22,23",0:00-1:00;1:00-2:00;2:00-3:00;3:00-4:00;4:00-5:00;5:00-6:00;6:00-7:00;7:00-8:00;8:00-9:00;9:00-10:00;10:00-11:00;11:00-12:00;12:00-13:00;13:00-14:00;14:00-15:00;15:00-16:00;16:00-17:00;17:00-18:00;18:00-19:00;19:00-20:00;20:00-21:00;21:00-22:00;22:00-23:00;23:00-24:00,1.0,1.0,1.0,1.0,1.0,72.0,0,3,全满足,1056.7199999999998,560.8599999999999,505.7104,9.850400000000008,551.0095999999999,0.9824369717933173,0.5214338708456355,0.01756302820668261,True,True,True
W5_PV2,风电场景5,光伏场景2,63.0,352713.6611333333,5598.629541798941,171437.19395999995,46497.0,30105.6,42000.0,62999.99999999999,62.99999999999998,3333.3333333333335,3722.4661600000027,24,"0,1,2,3,4,5,6,7,8,9,10,11,12,13,14,15,16,17,18,19,20,21,22,23",0:00-1:00;1:00-2:00;2:00-3:00;3:00-4:00;4:00-5:00;5:00-6:00;6:00-7:00;7:00-8:00;8:00-9:00;9:00-10:00;10:00-11:00;11:00-12:00;12:00-13:00;13:00-14:00;14:00-15:00;15:00-16:00;16:00-17:00;17:00-18:00;18:00-19:00;19:00-20:00;20:00-21:00;21:00-22:00;22:00-23:00;23:00-24:00,0.8749999999999997,0.8749999999999997,0.19334939759036146,1.0,0.8749999999999997,62.99999999999998,0,3,全满足,932.2199999999998,560.8599999999999,381.2103999999999,9.850400000000008,551.0095999999999,0.9824369717933173,0.5910724936173865,0.01756302820668261,True,True,True
W5_PV2,风电场景5,光伏场景2,54.0,262083.3611333332,4853.395576543207,95815.89395999993,46497.0,30105.6,35999.99999999999,53999.999999999985,53.999999999999986,3333.3333333333335,3722.4661600000027,24,"0,1,2,3,4,5,6,7,8,9,10,11,12,13,14,15,16,17,18,19,20,21,22,23",0:00-1:00;1:00-2:00;2:00-3:00;3:00-4:00;4:00-5:00;5:00-6:00;6:00-7:00;7:00-8:00;8:00-9:00;9:00-10:00;10:00-11:00;11:00-12:00;12:00-13:00;13:00-14:00;14:00-15:00;15:00-16:00;16:00-17:00;17:00-18:00;18:00-19:00;19:00-20:00;20:00-21:00;21:00-22:00;22:00-23:00;23:00-24:00,0.7499999999999997,0.7499999999999997,0.11190361445783133,1.0,0.7499999999999997,53.999999999999986,0,3,全满足,807.7199999999998,560.8599999999999,256.7103999999998,9.850400000000008,551.0095999999999,0.9824369717933173,0.682178972911405,0.01756302820668261,True,True,True
W5_PV2,风电场景5,光伏场景2,45.0,193168.3052333333,4292.629005185184,77666.66047999998,46497.0,30105.6,29999.999999999996,44999.99999999999,45.0,3333.3333333333335,39479.28858000001,19,"0,1,2,3,4,5,6,8,10,11,12,13,15,16,17,18,20,21,23",0:00-1:00;1:00-2:00;2:00-3:00;3:00-4:00;4:00-5:00;5:00-6:00;6:00-7:00;8:00-9:00;10:00-11:00;11:00-12:00;12:00-13:00;13:00-14:00;15:00-16:00;16:00-17:00;17:00-18:00;18:00-19:00;20:00-21:00;21:00-22:00;23:00-24:00,0.6249999999999999,0.7894736842105263,0.17806746987951805,1.0,0.6249999999999999,45.0,0,3,全满足,683.2199999999999,560.8599999999999,226.83019999999996,104.4702,456.3897999999999,0.8137321256641586,0.667998302157431,0.18626787433584144,True,True,True
W5_PV2,风电场景5,光伏场景2,36.0,131110.75523333336,3641.965423148149,77666.66047999998,46497.0,30105.6,24000.000000000004,36000.0,36.0,3333.3333333333335,86527.83857999997,14,"0,1,2,3,4,5,6,11,12,13,15,16,20,23",0:00-1:00;1:00-2:00;2:00-3:00;3:00-4:00;4:00-5:00;5:00-6:00;6:00-7:00;11:00-12:00;12:00-13:00;13:00-14:00;15:00-16:00;16:00-17:00;20:00-21:00;23:00-24:00,0.5,0.8571428571428573,0.19334939759036146,1.0,0.5,36.0,0,1,部分满足,558.72,560.8599999999999,226.83019999999996,228.9701999999999,331.88980000000004,0.5917515957636489,0.5940181128293242,0.40824840423635117,False,True,False
W5_PV3,风电场景5,光伏场景3,72.0,561453.0103333334,7797.9584768518525,381336.277,46497.0,10214.4,48000.0,72000.0,72.0,3333.3333333333335,0.0,24,"0,1,2,3,4,5,6,7,8,9,10,11,12,13,14,15,16,17,18,19,20,21,22,23",0:00-1:00;1:00-2:00;2:00-3:00;3:00-4:00;4:00-5:00;5:00-6:00;6:00-7:00;7:00-8:00;8:00-9:00;9:00-10:00;10:00-11:00;11:00-12:00;12:00-13:00;13:00-14:00;14:00-15:00;15:00-16:00;16:00-17:00;17:00-18:00;18:00-19:00;19:00-20:00;20:00-21:00;21:00-22:00;22:00-23:00;23:00-24:00,1.0,1.0,1.0,1.0,1.0,72.0,0,3,全满足,1056.7199999999998,395.1,661.6200000000001,0.0,395.1,1.0,0.3738928003633887,0.0,True,True,True
W5_PV3,风电场景5,光伏场景3,63.0,446545.21033333347,7088.019211640214,281437.4770000002,46497.0,10214.4,42000.00000000001,63000.000000000015,63.0,3333.3333333333335,0.0,24,"0,1,2,3,4,5,6,7,8,9,10,11,12,13,14,15,16,17,18,19,20,21,22,23",0:00-1:00;1:00-2:00;2:00-3:00;3:00-4:00;4:00-5:00;5:00-6:00;6:00-7:00;7:00-8:00;8:00-9:00;9:00-10:00;10:00-11:00;11:00-12:00;12:00-13:00;13:00-14:00;14:00-15:00;15:00-16:00;16:00-17:00;17:00-18:00;18:00-19:00;19:00-20:00;20:00-21:00;21:00-22:00;22:00-23:00;23:00-24:00,0.8750000000000001,0.8750000000000001,0.15763855421686745,0.9999999999999999,0.8750000000000001,63.0,0,3,全满足,932.2200000000001,395.1,537.1200000000001,0.0,395.1,1.0,0.4238269936281135,0.0,True,True,True
W5_PV3,风电场景5,光伏场景3,54.0,340614.11833333346,6307.668858024694,190515.3850000001,46497.0,10214.4,36000.000000000015,54000.00000000001,54.00000000000001,3333.3333333333335,0.0,24,"0,1,2,3,4,5,6,7,8,9,10,11,12,13,14,15,16,17,18,19,20,21,22,23",0:00-1:00;1:00-2:00;2:00-3:00;3:00-4:00;4:00-5:00;5:00-6:00;6:00-7:00;7:00-8:00;8:00-9:00;9:00-10:00;10:00-11:00;11:00-12:00;12:00-13:00;13:00-14:00;14:00-15:00;15:00-16:00;16:00-17:00;17:00-18:00;18:00-19:00;19:00-20:00;20:00-21:00;21:00-22:00;22:00-23:00;23:00-24:00,0.7500000000000003,0.7500000000000003,0.15763855421686745,0.9999999999999999,0.7500000000000003,54.00000000000001,0,3,全满足,807.7200000000001,395.1,412.6200000000001,0.0,395.1,1.0,0.4891546575545981,0.0,True,True,True
W5_PV3,风电场景5,光伏场景3,45.0,249983.8183333332,5555.19596296296,114894.0849999999,46497.0,10214.4,29999.999999999993,44999.999999999985,44.999999999999986,3333.3333333333335,0.0,24,"0,1,2,3,4,5,6,7,8,9,10,11,12,13,14,15,16,17,18,19,20,21,22,23",0:00-1:00;1:00-2:00;2:00-3:00;3:00-4:00;4:00-5:00;5:00-6:00;6:00-7:00;7:00-8:00;8:00-9:00;9:00-10:00;10:00-11:00;11:00-12:00;12:00-13:00;13:00-14:00;14:00-15:00;15:00-16:00;16:00-17:00;17:00-18:00;18:00-19:00;19:00-20:00;20:00-21:00;21:00-22:00;22:00-23:00;23:00-24:00,0.6249999999999999,0.6249999999999999,0.11190361445783133,1.0,0.6249999999999999,44.999999999999986,0,3,全满足,683.2199999999998,395.1,288.11999999999983,0.0,395.1,1.0,0.5782910336348469,0.0,True,True,True
W5_PV3,风电场景5,光伏场景3,36.0,173860.25923333332,4829.45164537037,77666.66047999996,46497.0,10214.4,23999.999999999996,35999.99999999999,35.999999999999986,3333.3333333333335,23887.13458000001,18,"0,1,2,3,4,5,6,7,8,9,10,11,12,13,16,18,20,23",0:00-1:00;1:00-2:00;2:00-3:00;3:00-4:00;4:00-5:00;5:00-6:00;6:00-7:00;7:00-8:00;8:00-9:00;9:00-10:00;10:00-11:00;11:00-12:00;12:00-13:00;13:00-14:00;16:00-17:00;18:00-19:00;20:00-21:00;23:00-24:00,0.49999999999999983,0.6666666666666665,0.15763855421686745,0.9999999999999999,0.49999999999999983,35.999999999999986,0,3,全满足,558.7199999999999,395.1,226.83019999999993,63.21020000000002,331.8898,0.8400146798278916,0.5940181128293243,0.15998532017210837,True,True,True
W5_PV4,风电场景5,光伏场景4,72.0,600945.7463333333,8346.468699074074,428585.81299999997,46497.0,2457.6,48000.0,72000.0,72.0,3333.3333333333335,0.0,24,"0,1,2,3,4,5,6,7,8,9,10,11,12,13,14,15,16,17,18,19,20,21,22,23",0:00-1:00;1:00-2:00;2:00-3:00;3:00-4:00;4:00-5:00;5:00-6:00;6:00-7:00;7:00-8:00;8:00-9:00;9:00-10:00;10:00-11:00;11:00-12:00;12:00-13:00;13:00-14:00;14:00-15:00;15:00-16:00;16:00-17:00;17:00-18:00;18:00-19:00;19:00-20:00;20:00-21:00;21:00-22:00;22:00-23:00;23:00-24:00,1.0,1.0,1.0,1.0,1.0,72.0,0,3,全满足,1056.7199999999998,330.4599999999999,726.26,0.0,330.4599999999999,1.0,0.312722386251798,0.0,True,True,True
W5_PV4,风电场景5,光伏场景4,63.0,486037.94633333344,7714.888037037039,328687.01300000015,46497.0,2457.6,42000.00000000001,63000.00000000001,63.0,3333.3333333333335,0.0,24,"0,1,2,3,4,5,6,7,8,9,10,11,12,13,14,15,16,17,18,19,20,21,22,23",0:00-1:00;1:00-2:00;2:00-3:00;3:00-4:00;4:00-5:00;5:00-6:00;6:00-7:00;7:00-8:00;8:00-9:00;9:00-10:00;10:00-11:00;11:00-12:00;12:00-13:00;13:00-14:00;14:00-15:00;15:00-16:00;16:00-17:00;17:00-18:00;18:00-19:00;19:00-20:00;20:00-21:00;21:00-22:00;22:00-23:00;23:00-24:00,0.875,0.875,0.1267951807228916,1.0,0.875,63.0,0,3,全满足,932.2200000000001,330.4599999999999,601.7600000000001,0.0,330.4599999999999,1.0,0.3544871382291732,0.0,True,True,True
W5_PV4,风电场景5,光伏场景4,54.0,372119.65433333314,6891.104709876539,229777.72099999984,46497.0,2457.6,35999.999999999985,53999.99999999998,53.99999999999997,3333.3333333333335,0.0,24,"0,1,2,3,4,5,6,7,8,9,10,11,12,13,14,15,16,17,18,19,20,21,22,23",0:00-1:00;1:00-2:00;2:00-3:00;3:00-4:00;4:00-5:00;5:00-6:00;6:00-7:00;7:00-8:00;8:00-9:00;9:00-10:00;10:00-11:00;11:00-12:00;12:00-13:00;13:00-14:00;14:00-15:00;15:00-16:00;16:00-17:00;17:00-18:00;18:00-19:00;19:00-20:00;20:00-21:00;21:00-22:00;22:00-23:00;23:00-24:00,0.7499999999999997,0.7499999999999997,0.1267951807228916,0.9999999999999999,0.7499999999999997,53.99999999999997,0,3,全满足,807.7199999999996,330.4599999999999,477.2599999999997,0.0,330.4599999999999,1.0,0.4091269251720895,0.0,True,True,True
W5_PV4,风电场景5,光伏场景4,45.0,281489.35433333303,6255.3189851851785,154156.4209999998,46497.0,2457.6,29999.999999999985,44999.99999999997,44.99999999999997,3333.3333333333335,0.0,24,"0,1,2,3,4,5,6,7,8,9,10,11,12,13,14,15,16,17,18,19,20,21,22,23",0:00-1:00;1:00-2:00;2:00-3:00;3:00-4:00;4:00-5:00;5:00-6:00;6:00-7:00;7:00-8:00;8:00-9:00;9:00-10:00;10:00-11:00;11:00-12:00;12:00-13:00;13:00-14:00;14:00-15:00;15:00-16:00;16:00-17:00;17:00-18:00;18:00-19:00;19:00-20:00;20:00-21:00;21:00-22:00;22:00-23:00;23:00-24:00,0.6249999999999997,0.6249999999999997,0.1267951807228916,0.9999999999999999,0.6249999999999997,44.99999999999997,0,3,全满足,683.2199999999996,330.4599999999999,352.7599999999996,0.0,330.4599999999999,1.0,0.4836802201340712,0.0,True,True,True
W5_PV4,风电场景5,光伏场景4,36.0,190859.05433333325,5301.640398148145,78535.12099999993,46497.0,2457.6,23999.999999999993,35999.999999999985,35.999999999999986,3333.3333333333335,0.0,24,"0,1,2,3,4,5,6,7,8,9,10,11,12,13,14,15,16,17,18,19,20,21,22,23",0:00-1:00;1:00-2:00;2:00-3:00;3:00-4:00;4:00-5:00;5:00-6:00;6:00-7:00;7:00-8:00;8:00-9:00;9:00-10:00;10:00-11:00;11:00-12:00;12:00-13:00;13:00-14:00;14:00-15:00;15:00-16:00;16:00-17:00;17:00-18:00;18:00-19:00;19:00-20:00;20:00-21:00;21:00-22:00;22:00-23:00;23:00-24:00,0.49999999999999983,0.49999999999999983,0.11190361445783133,0.9999999999999999,0.49999999999999983,35.999999999999986,0,3,全满足,558.7199999999998,330.4599999999999,228.25999999999988,0.0,330.4599999999999,1.0,0.5914590492554411,0.0,True,True,True
W6_PV1,风电场景6,光伏场景1,72.0,396989.0382333333,5513.736642129629,215826.12588,30948.0,61132.799999999996,48000.0,72000.0,72.0,3333.3333333333335,34323.220980000006,24,"0,1,2,3,4,5,6,7,8,9,10,11,12,13,14,15,16,17,18,19,20,21,22,23",0:00-1:00;1:00-2:00;2:00-3:00;3:00-4:00;4:00-5:00;5:00-6:00;6:00-7:00;7:00-8:00;8:00-9:00;9:00-10:00;10:00-11:00;11:00-12:00;12:00-13:00;13:00-14:00;14:00-15:00;15:00-16:00;16:00-17:00;17:00-18:00;18:00-19:00;19:00-20:00;20:00-21:00;21:00-22:00;22:00-23:00;23:00-24:00,1.0,1.0,1.0,1.0,1.0,72.0,0,3,全满足,1056.7199999999998,715.76,431.7862,90.8262,624.9338,0.8731052308036213,0.5913901506548567,0.12689476919637868,True,True,True
W6_PV1,风电场景6,光伏场景1,63.0,288355.20723333326,4577.066781481481,122201.29487999997,30948.0,61132.799999999996,42000.0,63000.0,62.999999999999986,3333.3333333333335,34323.22098,24,"0,1,2,3,4,5,6,7,8,9,10,11,12,13,14,15,16,17,18,19,20,21,22,23",0:00-1:00;1:00-2:00;2:00-3:00;3:00-4:00;4:00-5:00;5:00-6:00;6:00-7:00;7:00-8:00;8:00-9:00;9:00-10:00;10:00-11:00;11:00-12:00;12:00-13:00;13:00-14:00;14:00-15:00;15:00-16:00;16:00-17:00;17:00-18:00;18:00-19:00;19:00-20:00;20:00-21:00;21:00-22:00;22:00-23:00;23:00-24:00,0.875,0.875,0.11980722891566269,1.0,0.875,62.999999999999986,0,3,全满足,932.2199999999999,715.76,307.2861999999999,90.8262,624.9338,0.8731052308036213,0.670371586106284,0.12689476919637868,True,True,True
W6_PV1,风电场景6,光伏场景1,54.0,211586.70723333335,3918.27235617284,83266.95487999998,30948.0,61132.799999999996,36000.0,54000.0,54.0,3333.3333333333335,57148.38097999997,19,"0,1,2,3,4,5,6,7,8,9,10,11,12,13,14,15,16,17,23",0:00-1:00;1:00-2:00;2:00-3:00;3:00-4:00;4:00-5:00;5:00-6:00;6:00-7:00;7:00-8:00;8:00-9:00;9:00-10:00;10:00-11:00;11:00-12:00;12:00-13:00;13:00-14:00;14:00-15:00;15:00-16:00;16:00-17:00;17:00-18:00;23:00-24:00,0.75,0.9473684210526315,0.41507951807229093,1.0,0.75,54.0,0,2,部分满足,807.72,715.76,243.18619999999996,151.2261999999999,564.5338000000002,0.7887194031518947,0.6989226464616453,0.21128059684810535,True,True,False
W6_PV1,风电场景6,光伏场景1,45.0,149529.15723333327,3322.8701607407393,83266.95487999998,30948.0,61132.799999999996,29999.999999999996,45000.0,44.99999999999999,3333.3333333333335,104196.93098,16,"0,1,2,3,4,5,6,7,9,10,11,13,14,15,16,23",0:00-1:00;1:00-2:00;2:00-3:00;3:00-4:00;4:00-5:00;5:00-6:00;6:00-7:00;7:00-8:00;9:00-10:00;10:00-11:00;11:00-12:00;13:00-14:00;14:00-15:00;15:00-16:00;16:00-17:00;23:00-24:00,0.6249999999999999,0.9374999999999999,0.12804819277108298,1.0,0.6249999999999999,44.99999999999999,0,2,部分满足,683.2199999999999,715.76,243.18619999999996,275.72620000000006,440.0337999999999,0.6147784173465966,0.6440587219343695,0.38522158265340345,True,True,False
W6_PV1,风电场景6,光伏场景1,36.0,87471.60723333328,2429.766867592591,83266.95487999998,30948.0,61132.799999999996,24000.0,36000.0,35.99999999999999,3333.3333333333335,151245.48098,13,"0,1,2,3,4,5,6,7,9,11,15,16,23",0:00-1:00;1:00-2:00;2:00-3:00;3:00-4:00;4:00-5:00;5:00-6:00;6:00-7:00;7:00-8:00;9:00-10:00;11:00-12:00;15:00-16:00;16:00-17:00;23:00-24:00,0.49999999999999983,0.9230769230769229,0.1280481927710838,1.0,0.49999999999999983,35.99999999999999,0,1,部分满足,558.7199999999999,715.76,243.18619999999996,400.22619999999995,315.53380000000004,0.44083743154129884,0.5647440578465065,0.5591625684587012,False,True,False
W6_PV2,风电场景6,光伏场景2,72.0,506686.1703333333,7037.307921296296,322227.237,30948.0,30105.6,48000.0,72000.0,72.0,3333.3333333333335,0.0,24,"0,1,2,3,4,5,6,7,8,9,10,11,12,13,14,15,16,17,18,19,20,21,22,23",0:00-1:00;1:00-2:00;2:00-3:00;3:00-4:00;4:00-5:00;5:00-6:00;6:00-7:00;7:00-8:00;8:00-9:00;9:00-10:00;10:00-11:00;11:00-12:00;12:00-13:00;13:00-14:00;14:00-15:00;15:00-16:00;16:00-17:00;17:00-18:00;18:00-19:00;19:00-20:00;20:00-21:00;21:00-22:00;22:00-23:00;23:00-24:00,1.0,1.0,1.0,1.0,1.0,72.0,0,3,全满足,1056.7199999999998,457.20000000000005,599.52,0.0,457.20000000000005,1.0,0.43265955030660924,0.0,True,True,True
W6_PV2,风电场景6,光伏场景2,63.0,391778.3703333333,6218.7042910052905,222328.437,30948.0,30105.6,42000.0,63000.0,62.99999999999999,3333.3333333333335,0.0,24,"0,1,2,3,4,5,6,7,8,9,10,11,12,13,14,15,16,17,18,19,20,21,22,23",0:00-1:00;1:00-2:00;2:00-3:00;3:00-4:00;4:00-5:00;5:00-6:00;6:00-7:00;7:00-8:00;8:00-9:00;9:00-10:00;10:00-11:00;11:00-12:00;12:00-13:00;13:00-14:00;14:00-15:00;15:00-16:00;16:00-17:00;17:00-18:00;18:00-19:00;19:00-20:00;20:00-21:00;21:00-22:00;22:00-23:00;23:00-24:00,0.875,0.875,0.18034216867469882,1.0,0.875,62.99999999999999,0,3,全满足,932.2199999999999,457.20000000000005,475.0199999999999,0.0,457.20000000000005,1.0,0.4904421703031474,0.0,True,True,True
W6_PV2,风电场景6,光伏场景2,54.0,299171.23833333334,5540.208117283951,144730.30500000005,30948.0,30105.6,36000.0,54000.00000000001,54.00000000000001,3333.3333333333335,0.0,24,"0,1,2,3,4,5,6,7,8,9,10,11,12,13,14,15,16,17,18,19,20,21,22,23",0:00-1:00;1:00-2:00;2:00-3:00;3:00-4:00;4:00-5:00;5:00-6:00;6:00-7:00;7:00-8:00;8:00-9:00;9:00-10:00;10:00-11:00;11:00-12:00;12:00-13:00;13:00-14:00;14:00-15:00;15:00-16:00;16:00-17:00;17:00-18:00;18:00-19:00;19:00-20:00;20:00-21:00;21:00-22:00;22:00-23:00;23:00-24:00,0.75,0.75,0.11980722891566269,1.0,0.75,54.00000000000001,0,3,全满足,807.72,457.20000000000005,350.5200000000001,0.0,457.20000000000005,1.0,0.5660377358490566,0.0,True,True,True
W6_PV2,风电场景6,光伏场景2,45.0,215711.9412333334,4793.598694074076,88087.94687999997,30948.0,30105.6,30000.000000000007,45000.000000000015,45.00000000000001,3333.3333333333335,11807.93897999994,23,"0,1,2,3,4,5,6,7,8,9,10,11,12,13,14,16,17,18,19,20,21,22,23",0:00-1:00;1:00-2:00;2:00-3:00;3:00-4:00;4:00-5:00;5:00-6:00;6:00-7:00;7:00-8:00;8:00-9:00;9:00-10:00;10:00-11:00;11:00-12:00;12:00-13:00;13:00-14:00;14:00-15:00;16:00-17:00;17:00-18:00;18:00-19:00;19:00-20:00;20:00-21:00;21:00-22:00;22:00-23:00;23:00-24:00,0.6250000000000001,0.6521739130434784,0.11980722891566269,0.9999999999999999,0.6250000000000001,45.00000000000001,0,3,全满足,683.22,457.20000000000005,257.2661999999999,31.24619999999984,425.95380000000023,0.931657480314961,0.6234504259243,0.06834251968503902,True,True,True
W6_PV2,风电场景6,光伏场景2,36.0,153654.39123333336,4268.17753425926,88087.94687999997,30948.0,30105.6,24000.000000000004,36000.0,36.0,3333.3333333333335,58856.48897999996,13,"0,1,2,3,4,5,6,11,12,13,14,16,23",0:00-1:00;1:00-2:00;2:00-3:00;3:00-4:00;4:00-5:00;5:00-6:00;6:00-7:00;11:00-12:00;12:00-13:00;13:00-14:00;14:00-15:00;16:00-17:00;23:00-24:00,0.5,0.9230769230769229,0.5326746987951807,0.9999999999999999,0.5,36.0,0,2,部分满足,558.72,457.20000000000005,257.2661999999999,155.74619999999987,301.4538000000002,0.6593477690288717,0.5395435996563577,0.3406522309711283,True,True,False
W6_PV3,风电场景6,光伏场景3,72.0,607819.9943333335,8441.944365740743,443252.261,30948.0,10214.4,48000.0,72000.0,72.0,3333.3333333333335,0.0,24,"0,1,2,3,4,5,6,7,8,9,10,11,12,13,14,15,16,17,18,19,20,21,22,23",0:00-1:00;1:00-2:00;2:00-3:00;3:00-4:00;4:00-5:00;5:00-6:00;6:00-7:00;7:00-8:00;8:00-9:00;9:00-10:00;10:00-11:00;11:00-12:00;12:00-13:00;13:00-14:00;14:00-15:00;15:00-16:00;16:00-17:00;17:00-18:00;18:00-19:00;19:00-20:00;20:00-21:00;21:00-22:00;22:00-23:00;23:00-24:00,1.0,1.0,1.0,1.0,1.0,72.0,0,2,部分满足,1056.7199999999998,291.44,765.28,0.0,291.44,1.0,0.27579680520857,0.0,True,False,True
W6_PV3,风电场景6,光伏场景3,63.0,492912.19433333346,7824.003084656087,343353.4610000001,30948.0,10214.4,42000.00000000001,63000.00000000001,63.0,3333.3333333333335,0.0,24,"0,1,2,3,4,5,6,7,8,9,10,11,12,13,14,15,16,17,18,19,20,21,22,23",0:00-1:00;1:00-2:00;2:00-3:00;3:00-4:00;4:00-5:00;5:00-6:00;6:00-7:00;7:00-8:00;8:00-9:00;9:00-10:00;10:00-11:00;11:00-12:00;12:00-13:00;13:00-14:00;14:00-15:00;15:00-16:00;16:00-17:00;17:00-18:00;18:00-19:00;19:00-20:00;20:00-21:00;21:00-22:00;22:00-23:00;23:00-24:00,0.875,0.875,0.11980722891566269,1.0,0.875,63.0,0,3,全满足,932.22,291.44,640.78,0.0,291.44,1.0,0.31263006586428094,0.0,True,True,True
W6_PV3,风电场景6,光伏场景3,54.0,379962.66233333346,7036.345598765434,245412.92900000015,30948.0,10214.4,36000.00000000001,54000.00000000001,54.000000000000014,3333.3333333333335,0.0,24,"0,1,2,3,4,5,6,7,8,9,10,11,12,13,14,15,16,17,18,19,20,21,22,23",0:00-1:00;1:00-2:00;2:00-3:00;3:00-4:00;4:00-5:00;5:00-6:00;6:00-7:00;7:00-8:00;8:00-9:00;9:00-10:00;10:00-11:00;11:00-12:00;12:00-13:00;13:00-14:00;14:00-15:00;15:00-16:00;16:00-17:00;17:00-18:00;18:00-19:00;19:00-20:00;20:00-21:00;21:00-22:00;22:00-23:00;23:00-24:00,0.7500000000000001,0.7500000000000001,0.11980722891566269,1.0,0.7500000000000001,54.000000000000014,0,3,全满足,807.7200000000001,291.44,516.2800000000002,0.0,291.44,1.0,0.36081810528400926,0.0,True,True,True
W6_PV3,风电场景6,光伏场景3,45.0,289332.3623333334,6429.608051851854,169791.62900000007,30948.0,10214.4,30000.000000000007,45000.0,45.00000000000001,3333.3333333333335,0.0,24,"0,1,2,3,4,5,6,7,8,9,10,11,12,13,14,15,16,17,18,19,20,21,22,23",0:00-1:00;1:00-2:00;2:00-3:00;3:00-4:00;4:00-5:00;5:00-6:00;6:00-7:00;7:00-8:00;8:00-9:00;9:00-10:00;10:00-11:00;11:00-12:00;12:00-13:00;13:00-14:00;14:00-15:00;15:00-16:00;16:00-17:00;17:00-18:00;18:00-19:00;19:00-20:00;20:00-21:00;21:00-22:00;22:00-23:00;23:00-24:00,0.625,0.625,0.11980722891566269,1.0,0.625,45.0,0,3,全满足,683.2200000000001,291.44,391.78000000000014,0.0,291.44,1.0,0.4265683088902549,0.0,True,True,True
W6_PV3,风电场景6,光伏场景3,36.0,198702.0623333334,5519.501731481483,94170.32900000004,30948.0,10214.4,24000.000000000004,36000.0,36.0,3333.3333333333335,0.0,24,"0,1,2,3,4,5,6,7,8,9,10,11,12,13,14,15,16,17,18,19,20,21,22,23",0:00-1:00;1:00-2:00;2:00-3:00;3:00-4:00;4:00-5:00;5:00-6:00;6:00-7:00;7:00-8:00;8:00-9:00;9:00-10:00;10:00-11:00;11:00-12:00;12:00-13:00;13:00-14:00;14:00-15:00;15:00-16:00;16:00-17:00;17:00-18:00;18:00-19:00;19:00-20:00;20:00-21:00;21:00-22:00;22:00-23:00;23:00-24:00,0.5,0.5,0.11980722891566269,1.0,0.5,36.0,0,3,全满足,558.72,291.44,267.2800000000001,0.0,291.44,1.0,0.5216208476517754,0.0,True,True,True
W6_PV4,风电场景6,光伏场景4,72.0,647312.7303333334,8990.454587962964,490501.79699999996,30948.0,2457.6,48000.0,72000.0,72.0,3333.3333333333335,0.0,24,"0,1,2,3,4,5,6,7,8,9,10,11,12,13,14,15,16,17,18,19,20,21,22,23",0:00-1:00;1:00-2:00;2:00-3:00;3:00-4:00;4:00-5:00;5:00-6:00;6:00-7:00;7:00-8:00;8:00-9:00;9:00-10:00;10:00-11:00;11:00-12:00;12:00-13:00;13:00-14:00;14:00-15:00;15:00-16:00;16:00-17:00;17:00-18:00;18:00-19:00;19:00-20:00;20:00-21:00;21:00-22:00;22:00-23:00;23:00-24:00,1.0,1.0,1.0,1.0,1.0,72.0,0,2,部分满足,1056.7199999999998,226.8,829.9200000000001,0.0,226.8,1.0,0.2146263910969794,0.0,True,False,True
W6_PV4,风电场景6,光伏场景4,63.0,532404.9303333334,8450.871910052912,390602.9970000001,30948.0,2457.6,42000.0,63000.0,63.0,3333.3333333333335,0.0,24,"0,1,2,3,4,5,6,7,8,9,10,11,12,13,14,15,16,17,18,19,20,21,22,23",0:00-1:00;1:00-2:00;2:00-3:00;3:00-4:00;4:00-5:00;5:00-6:00;6:00-7:00;7:00-8:00;8:00-9:00;9:00-10:00;10:00-11:00;11:00-12:00;12:00-13:00;13:00-14:00;14:00-15:00;15:00-16:00;16:00-17:00;17:00-18:00;18:00-19:00;19:00-20:00;20:00-21:00;21:00-22:00;22:00-23:00;23:00-24:00,0.875,0.875,0.09999999999999999,1.0,0.875,63.0,0,2,部分满足,932.22,226.8,705.4200000000001,0.0,226.8,1.0,0.2432902104653408,0.0,True,False,True
W6_PV4,风电场景6,光伏场景4,54.0,417497.13033333316,7731.428339506169,290704.19699999987,30948.0,2457.6,35999.999999999985,53999.999999999985,53.99999999999998,3333.3333333333335,0.0,24,"0,1,2,3,4,5,6,7,8,9,10,11,12,13,14,15,16,17,18,19,20,21,22,23",0:00-1:00;1:00-2:00;2:00-3:00;3:00-4:00;4:00-5:00;5:00-6:00;6:00-7:00;7:00-8:00;8:00-9:00;9:00-10:00;10:00-11:00;11:00-12:00;12:00-13:00;13:00-14:00;14:00-15:00;15:00-16:00;16:00-17:00;17:00-18:00;18:00-19:00;19:00-20:00;20:00-21:00;21:00-22:00;22:00-23:00;23:00-24:00,0.7499999999999997,0.7499999999999997,0.09999999999999999,1.0,0.7499999999999997,53.99999999999998,0,2,部分满足,807.7199999999998,226.8,580.9199999999998,0.0,226.8,1.0,0.2807903729015006,0.0,True,False,True
W6_PV4,风电场景6,光伏场景4,45.0,321411.2373333333,7142.47194074074,209627.30399999997,30948.0,2457.6,29999.999999999996,44999.99999999999,44.999999999999986,3333.3333333333335,0.0,24,"0,1,2,3,4,5,6,7,8,9,10,11,12,13,14,15,16,17,18,19,20,21,22,23",0:00-1:00;1:00-2:00;2:00-3:00;3:00-4:00;4:00-5:00;5:00-6:00;6:00-7:00;7:00-8:00;8:00-9:00;9:00-10:00;10:00-11:00;11:00-12:00;12:00-13:00;13:00-14:00;14:00-15:00;15:00-16:00;16:00-17:00;17:00-18:00;18:00-19:00;19:00-20:00;20:00-21:00;21:00-22:00;22:00-23:00;23:00-24:00,0.6249999999999999,0.6249999999999999,0.09999999999999999,1.0,0.6249999999999999,44.999999999999986,0,3,全满足,683.2199999999999,226.8,456.41999999999996,0.0,226.8,1.0,0.3319574953894793,0.0,True,True,True
W6_PV4,风电场景6,光伏场景4,36.0,230780.9373333333,6410.581592592592,134006.00399999996,30948.0,2457.6,24000.0,36000.0,36.0,3333.3333333333335,0.0,24,"0,1,2,3,4,5,6,7,8,9,10,11,12,13,14,15,16,17,18,19,20,21,22,23",0:00-1:00;1:00-2:00;2:00-3:00;3:00-4:00;4:00-5:00;5:00-6:00;6:00-7:00;7:00-8:00;8:00-9:00;9:00-10:00;10:00-11:00;11:00-12:00;12:00-13:00;13:00-14:00;14:00-15:00;15:00-16:00;16:00-17:00;17:00-18:00;18:00-19:00;19:00-20:00;20:00-21:00;21:00-22:00;22:00-23:00;23:00-24:00,0.49999999999999983,0.49999999999999983,0.09999999999999999,1.0,0.49999999999999983,35.99999999999999,0,3,全满足,558.72,226.8,331.91999999999996,0.0,226.8,1.0,0.4059278350515464,0.0,True,True,True
